panel,dataset,alpha,mean_ndcg10,per_query_range
a,fiqa,0.0,0.238493,
a,fiqa,0.05,0.251385,
a,fiqa,0.1,0.265732,
a,fiqa,0.15,0.280455,
a,fiqa,0.2,0.301441,
a,fiqa,0.25,0.319713,
a,fiqa,0.3,0.338101,
a,fiqa,0.35,0.353902,
a,fiqa,0.4,0.368579,
a,fiqa,0.45,0.384036,
a,fiqa,0.5,0.395446,
a,fiqa,0.55,0.403346,
a,fiqa,0.6,0.405625,
a,fiqa,0.65,0.409822,
a,fiqa,0.7,0.411543,
a,fiqa,0.75,0.407266,
a,fiqa,0.8,0.404743,
a,fiqa,0.85,0.398338,
a,fiqa,0.9,0.38907,
a,fiqa,0.95,0.375221,
a,fiqa,1.0,0.368122,
a,scifact,0.0,0.676188,
a,scifact,0.05,0.682575,
a,scifact,0.1,0.691075,
a,scifact,0.15,0.702208,
a,scifact,0.2,0.708427,
a,scifact,0.25,0.715622,
a,scifact,0.3,0.722705,
a,scifact,0.35,0.730847,
a,scifact,0.4,0.732011,
a,scifact,0.45,0.731402,
a,scifact,0.5,0.728788,
a,scifact,0.55,0.729932,
a,scifact,0.6,0.730025,
a,scifact,0.65,0.7229,
a,scifact,0.7,0.713502,
a,scifact,0.75,0.705849,
a,scifact,0.8,0.69729,
a,scifact,0.85,0.686008,
a,scifact,0.9,0.676473,
a,scifact,0.95,0.66084,
a,scifact,1.0,0.646312,
b,fiqa+scifact,,,0.306574
b,fiqa+scifact,,,1.0
b,fiqa+scifact,,,0.165004
b,fiqa+scifact,,,0.235996
b,fiqa+scifact,,,0.234639
b,fiqa+scifact,,,0.63093
b,fiqa+scifact,,,0.36907
b,fiqa+scifact,,,0.0
b,fiqa+scifact,,,0.135652
b,fiqa+scifact,,,0.0
b,fiqa+scifact,,,0.213986
b,fiqa+scifact,,,0.613147
b,fiqa+scifact,,,0.386853
b,fiqa+scifact,,,0.154815
b,fiqa+scifact,,,0.0
b,fiqa+scifact,,,0.0
b,fiqa+scifact,,,0.458412
b,fiqa+scifact,,,0.218407
b,fiqa+scifact,,,0.0
b,fiqa+scifact,,,0.386853
b,fiqa+scifact,,,0.281438
b,fiqa+scifact,,,0.63093
b,fiqa+scifact,,,1.0
b,fiqa+scifact,,,0.430677
b,fiqa+scifact,,,0.33916
b,fiqa+scifact,,,0.204382
b,fiqa+scifact,,,0.325317
b,fiqa+scifact,,,0.63093
b,fiqa+scifact,,,0.231191
b,fiqa+scifact,,,1.0
b,fiqa+scifact,,,0.795618
b,fiqa+scifact,,,0.845185
b,fiqa+scifact,,,0.415212
b,fiqa+scifact,,,0.358296
b,fiqa+scifact,,,0.0
b,fiqa+scifact,,,0.0
b,fiqa+scifact,,,0.177239
b,fiqa+scifact,,,0.5
b,fiqa+scifact,,,0.218407
b,fiqa+scifact,,,0.0
b,fiqa+scifact,,,0.0
b,fiqa+scifact,,,0.0
b,fiqa+scifact,,,0.078175
b,fiqa+scifact,,,0.543771
b,fiqa+scifact,,,0.368329
b,fiqa+scifact,,,0.0
b,fiqa+scifact,,,1.0
b,fiqa+scifact,,,0.112845
b,fiqa+scifact,,,0.226294
b,fiqa+scifact,,,0.0
b,fiqa+scifact,,,0.0
b,fiqa+scifact,,,0.0
b,fiqa+scifact,,,0.63093
b,fiqa+scifact,,,0.36907
b,fiqa+scifact,,,1.0
b,fiqa+scifact,,,0.323976
b,fiqa+scifact,,,0.397356
b,fiqa+scifact,,,0.5
b,fiqa+scifact,,,0.0
b,fiqa+scifact,,,0.168128
b,fiqa+scifact,,,0.296082
b,fiqa+scifact,,,0.524019
b,fiqa+scifact,,,0.0
b,fiqa+scifact,,,0.0
b,fiqa+scifact,,,0.095283
b,fiqa+scifact,,,0.613147
b,fiqa+scifact,,,1.0
b,fiqa+scifact,,,1.0
b,fiqa+scifact,,,0.83957
b,fiqa+scifact,,,0.0
b,fiqa+scifact,,,0.278964
b,fiqa+scifact,,,0.067918
b,fiqa+scifact,,,0.583819
b,fiqa+scifact,,,0.0
b,fiqa+scifact,,,1.0
b,fiqa+scifact,,,0.613147
b,fiqa+scifact,,,0.0
b,fiqa+scifact,,,0.151301
b,fiqa+scifact,,,0.356207
b,fiqa+scifact,,,0.168128
b,fiqa+scifact,,,0.63093
b,fiqa+scifact,,,0.363318
b,fiqa+scifact,,,0.36907
b,fiqa+scifact,,,0.0
b,fiqa+scifact,,,0.532868
b,fiqa+scifact,,,0.356207
b,fiqa+scifact,,,0.0
b,fiqa+scifact,,,0.666667
b,fiqa+scifact,,,0.485664
b,fiqa+scifact,,,0.690506
b,fiqa+scifact,,,0.0
b,fiqa+scifact,,,0.296082
b,fiqa+scifact,,,0.407912
b,fiqa+scifact,,,1.0
b,fiqa+scifact,,,0.0
b,fiqa+scifact,,,0.296082
b,fiqa+scifact,,,0.0
b,fiqa+scifact,,,1.0
b,fiqa+scifact,,,0.0
b,fiqa+scifact,,,0.252034
b,fiqa+scifact,,,0.182166
b,fiqa+scifact,,,0.386853
b,fiqa+scifact,,,0.235046
b,fiqa+scifact,,,0.0
b,fiqa+scifact,,,0.18247
b,fiqa+scifact,,,0.63093
b,fiqa+scifact,,,0.0
b,fiqa+scifact,,,0.337759
b,fiqa+scifact,,,0.495459
b,fiqa+scifact,,,0.321857
b,fiqa+scifact,,,0.306574
b,fiqa+scifact,,,0.613147
b,fiqa+scifact,,,0.0
b,fiqa+scifact,,,0.0
b,fiqa+scifact,,,1.0
b,fiqa+scifact,,,0.106993
b,fiqa+scifact,,,0.569323
b,fiqa+scifact,,,0.434332
b,fiqa+scifact,,,0.260253
b,fiqa+scifact,,,0.440323
b,fiqa+scifact,,,0.495061
b,fiqa+scifact,,,0.0
b,fiqa+scifact,,,0.0
b,fiqa+scifact,,,0.703918
b,fiqa+scifact,,,0.0
b,fiqa+scifact,,,0.0
b,fiqa+scifact,,,0.569323
b,fiqa+scifact,,,0.289065
b,fiqa+scifact,,,0.430677
b,fiqa+scifact,,,0.246302
b,fiqa+scifact,,,0.613147
b,fiqa+scifact,,,0.765361
b,fiqa+scifact,,,0.641354
b,fiqa+scifact,,,0.302602
b,fiqa+scifact,,,0.296082
b,fiqa+scifact,,,0.36907
b,fiqa+scifact,,,0.522376
b,fiqa+scifact,,,0.636439
b,fiqa+scifact,,,0.349179
b,fiqa+scifact,,,0.18247
b,fiqa+scifact,,,0.237198
b,fiqa+scifact,,,0.36907
b,fiqa+scifact,,,0.63093
b,fiqa+scifact,,,0.0901
b,fiqa+scifact,,,0.0
b,fiqa+scifact,,,0.306574
b,fiqa+scifact,,,0.645963
b,fiqa+scifact,,,0.666667
b,fiqa+scifact,,,1.0
b,fiqa+scifact,,,0.463492
b,fiqa+scifact,,,0.137438
b,fiqa+scifact,,,0.0
b,fiqa+scifact,,,0.753698
b,fiqa+scifact,,,0.39038
b,fiqa+scifact,,,0.0
b,fiqa+scifact,,,0.0
b,fiqa+scifact,,,0.5
b,fiqa+scifact,,,0.0
b,fiqa+scifact,,,0.0
b,fiqa+scifact,,,0.454956
b,fiqa+scifact,,,0.177239
b,fiqa+scifact,,,0.490363
b,fiqa+scifact,,,0.202107
b,fiqa+scifact,,,0.099828
b,fiqa+scifact,,,0.280973
b,fiqa+scifact,,,0.613147
b,fiqa+scifact,,,0.613147
b,fiqa+scifact,,,0.569323
b,fiqa+scifact,,,0.402991
b,fiqa+scifact,,,0.5
b,fiqa+scifact,,,0.0
b,fiqa+scifact,,,0.591235
b,fiqa+scifact,,,0.908375
b,fiqa+scifact,,,0.13093
b,fiqa+scifact,,,0.09546
b,fiqa+scifact,,,0.5
b,fiqa+scifact,,,0.044406
b,fiqa+scifact,,,0.218407
b,fiqa+scifact,,,0.181542
b,fiqa+scifact,,,0.483813
b,fiqa+scifact,,,0.306574
b,fiqa+scifact,,,0.0
b,fiqa+scifact,,,0.296082
b,fiqa+scifact,,,0.792847
b,fiqa+scifact,,,0.684535
b,fiqa+scifact,,,0.0
b,fiqa+scifact,,,0.636682
b,fiqa+scifact,,,0.0
b,fiqa+scifact,,,0.101881
b,fiqa+scifact,,,0.315465
b,fiqa+scifact,,,0.553146
b,fiqa+scifact,,,0.274876
b,fiqa+scifact,,,0.419721
b,fiqa+scifact,,,0.233191
b,fiqa+scifact,,,0.0
b,fiqa+scifact,,,0.29871
b,fiqa+scifact,,,0.489773
b,fiqa+scifact,,,0.613147
b,fiqa+scifact,,,0.613147
b,fiqa+scifact,,,0.469279
b,fiqa+scifact,,,0.0
b,fiqa+scifact,,,0.504226
b,fiqa+scifact,,,0.333333
b,fiqa+scifact,,,0.636682
b,fiqa+scifact,,,0.123151
b,fiqa+scifact,,,0.264068
b,fiqa+scifact,,,0.469279
b,fiqa+scifact,,,0.218407
b,fiqa+scifact,,,0.324205
b,fiqa+scifact,,,0.613147
b,fiqa+scifact,,,0.078398
b,fiqa+scifact,,,0.141267
b,fiqa+scifact,,,0.0
b,fiqa+scifact,,,0.0
b,fiqa+scifact,,,0.493523
b,fiqa+scifact,,,0.202277
b,fiqa+scifact,,,0.19519
b,fiqa+scifact,,,0.234639
b,fiqa+scifact,,,0.613147
b,fiqa+scifact,,,0.15102
b,fiqa+scifact,,,0.184576
b,fiqa+scifact,,,0.5
b,fiqa+scifact,,,0.36907
b,fiqa+scifact,,,0.0
b,fiqa+scifact,,,0.386853
b,fiqa+scifact,,,0.0
b,fiqa+scifact,,,0.358954
b,fiqa+scifact,,,0.0
b,fiqa+scifact,,,0.152186
b,fiqa+scifact,,,0.120811
b,fiqa+scifact,,,0.296082
b,fiqa+scifact,,,0.498189
b,fiqa+scifact,,,0.146068
b,fiqa+scifact,,,0.0
b,fiqa+scifact,,,0.613147
b,fiqa+scifact,,,0.217231
b,fiqa+scifact,,,0.0
b,fiqa+scifact,,,1.0
b,fiqa+scifact,,,0.256572
b,fiqa+scifact,,,0.0
b,fiqa+scifact,,,0.204382
b,fiqa+scifact,,,0.39474
b,fiqa+scifact,,,0.0
b,fiqa+scifact,,,0.527275
b,fiqa+scifact,,,0.289065
b,fiqa+scifact,,,0.63093
b,fiqa+scifact,,,0.0
b,fiqa+scifact,,,0.0
b,fiqa+scifact,,,0.535734
b,fiqa+scifact,,,0.341341
b,fiqa+scifact,,,0.262983
b,fiqa+scifact,,,0.226294
b,fiqa+scifact,,,0.797723
b,fiqa+scifact,,,0.15102
b,fiqa+scifact,,,0.318123
b,fiqa+scifact,,,0.345404
b,fiqa+scifact,,,0.122785
b,fiqa+scifact,,,0.0
b,fiqa+scifact,,,0.527106
b,fiqa+scifact,,,0.469279
b,fiqa+scifact,,,0.386853
b,fiqa+scifact,,,0.19519
b,fiqa+scifact,,,0.0
b,fiqa+scifact,,,1.0
b,fiqa+scifact,,,1.0
b,fiqa+scifact,,,0.0
b,fiqa+scifact,,,0.684535
b,fiqa+scifact,,,0.135652
b,fiqa+scifact,,,0.0
b,fiqa+scifact,,,0.403534
b,fiqa+scifact,,,0.246762
b,fiqa+scifact,,,0.452214
b,fiqa+scifact,,,0.306574
b,fiqa+scifact,,,0.296082
b,fiqa+scifact,,,0.63093
b,fiqa+scifact,,,0.378524
b,fiqa+scifact,,,0.501377
b,fiqa+scifact,,,0.234639
b,fiqa+scifact,,,0.610838
b,fiqa+scifact,,,0.0
b,fiqa+scifact,,,0.0
b,fiqa+scifact,,,0.0
b,fiqa+scifact,,,0.506556
b,fiqa+scifact,,,0.613147
b,fiqa+scifact,,,0.356207
b,fiqa+scifact,,,0.0
b,fiqa+scifact,,,0.386853
b,fiqa+scifact,,,0.0
b,fiqa+scifact,,,0.5
b,fiqa+scifact,,,0.650921
b,fiqa+scifact,,,0.643793
b,fiqa+scifact,,,0.0
b,fiqa+scifact,,,0.63093
b,fiqa+scifact,,,0.0
b,fiqa+scifact,,,0.447362
b,fiqa+scifact,,,0.967468
b,fiqa+scifact,,,0.0
b,fiqa+scifact,,,0.16716
b,fiqa+scifact,,,0.0
b,fiqa+scifact,,,0.651298
b,fiqa+scifact,,,0.0
b,fiqa+scifact,,,0.5
b,fiqa+scifact,,,0.0
b,fiqa+scifact,,,0.613147
b,fiqa+scifact,,,0.684535
b,fiqa+scifact,,,0.093975
b,fiqa+scifact,,,0.222253
b,fiqa+scifact,,,0.0
b,fiqa+scifact,,,0.0
b,fiqa+scifact,,,0.0
b,fiqa+scifact,,,0.0
b,fiqa+scifact,,,0.63093
b,fiqa+scifact,,,0.0
b,fiqa+scifact,,,0.0
b,fiqa+scifact,,,0.049055
b,fiqa+scifact,,,0.5
b,fiqa+scifact,,,0.0
b,fiqa+scifact,,,0.184576
b,fiqa+scifact,,,0.684535
b,fiqa+scifact,,,0.5
b,fiqa+scifact,,,0.613147
b,fiqa+scifact,,,0.0
b,fiqa+scifact,,,0.149655
b,fiqa+scifact,,,0.684535
b,fiqa+scifact,,,0.430677
b,fiqa+scifact,,,1.0
b,fiqa+scifact,,,0.0
b,fiqa+scifact,,,0.50874
b,fiqa+scifact,,,0.0
b,fiqa+scifact,,,0.469279
b,fiqa+scifact,,,0.100867
b,fiqa+scifact,,,0.0
b,fiqa+scifact,,,0.0
b,fiqa+scifact,,,0.193092
b,fiqa+scifact,,,0.306574
b,fiqa+scifact,,,0.086598
b,fiqa+scifact,,,0.357874
b,fiqa+scifact,,,0.671386
b,fiqa+scifact,,,0.0
b,fiqa+scifact,,,0.36907
b,fiqa+scifact,,,0.386853
b,fiqa+scifact,,,0.569323
b,fiqa+scifact,,,0.238198
b,fiqa+scifact,,,0.0
b,fiqa+scifact,,,0.0
b,fiqa+scifact,,,0.0
b,fiqa+scifact,,,0.204382
b,fiqa+scifact,,,0.469279
b,fiqa+scifact,,,0.242972
b,fiqa+scifact,,,0.0
b,fiqa+scifact,,,0.213986
b,fiqa+scifact,,,0.156426
b,fiqa+scifact,,,0.0
b,fiqa+scifact,,,0.356207
b,fiqa+scifact,,,0.306574
b,fiqa+scifact,,,0.36907
b,fiqa+scifact,,,0.220092
b,fiqa+scifact,,,0.613147
b,fiqa+scifact,,,0.0
b,fiqa+scifact,,,0.386853
b,fiqa+scifact,,,0.0
b,fiqa+scifact,,,0.0
b,fiqa+scifact,,,1.0
b,fiqa+scifact,,,0.63093
b,fiqa+scifact,,,0.0
b,fiqa+scifact,,,0.530721
b,fiqa+scifact,,,0.0
b,fiqa+scifact,,,0.193426
b,fiqa+scifact,,,0.0
b,fiqa+scifact,,,0.0
b,fiqa+scifact,,,0.386853
b,fiqa+scifact,,,0.328012
b,fiqa+scifact,,,0.227271
b,fiqa+scifact,,,0.0
b,fiqa+scifact,,,0.356207
b,fiqa+scifact,,,0.0
b,fiqa+scifact,,,0.282409
b,fiqa+scifact,,,0.128786
b,fiqa+scifact,,,0.613147
b,fiqa+scifact,,,0.193426
b,fiqa+scifact,,,0.0
b,fiqa+scifact,,,0.306574
b,fiqa+scifact,,,0.0
b,fiqa+scifact,,,0.0
b,fiqa+scifact,,,0.231721
b,fiqa+scifact,,,0.249799
b,fiqa+scifact,,,0.131205
b,fiqa+scifact,,,0.16422
b,fiqa+scifact,,,0.42884
b,fiqa+scifact,,,0.0
b,fiqa+scifact,,,0.343697
b,fiqa+scifact,,,0.386853
b,fiqa+scifact,,,1.0
b,fiqa+scifact,,,0.644784
b,fiqa+scifact,,,0.123151
b,fiqa+scifact,,,0.0
b,fiqa+scifact,,,0.258728
b,fiqa+scifact,,,0.306574
b,fiqa+scifact,,,0.0
b,fiqa+scifact,,,0.268737
b,fiqa+scifact,,,0.613147
b,fiqa+scifact,,,0.0
b,fiqa+scifact,,,0.386853
b,fiqa+scifact,,,0.285644
b,fiqa+scifact,,,0.0
b,fiqa+scifact,,,0.0
b,fiqa+scifact,,,0.204382
b,fiqa+scifact,,,0.0
b,fiqa+scifact,,,0.0
b,fiqa+scifact,,,0.555877
b,fiqa+scifact,,,0.5
b,fiqa+scifact,,,0.0
b,fiqa+scifact,,,0.30103
b,fiqa+scifact,,,0.386853
b,fiqa+scifact,,,0.315465
b,fiqa+scifact,,,0.0
b,fiqa+scifact,,,0.226294
b,fiqa+scifact,,,0.0
b,fiqa+scifact,,,0.234639
b,fiqa+scifact,,,0.408765
b,fiqa+scifact,,,0.0
b,fiqa+scifact,,,0.285269
b,fiqa+scifact,,,0.613147
b,fiqa+scifact,,,0.156426
b,fiqa+scifact,,,0.315465
b,fiqa+scifact,,,0.0
b,fiqa+scifact,,,0.246302
b,fiqa+scifact,,,0.0
b,fiqa+scifact,,,0.765361
b,fiqa+scifact,,,0.349079
b,fiqa+scifact,,,0.530721
b,fiqa+scifact,,,0.0
b,fiqa+scifact,,,0.0
b,fiqa+scifact,,,0.594357
b,fiqa+scifact,,,0.0
b,fiqa+scifact,,,0.613147
b,fiqa+scifact,,,0.0
b,fiqa+scifact,,,0.0
b,fiqa+scifact,,,0.0
b,fiqa+scifact,,,1.0
b,fiqa+scifact,,,0.226423
b,fiqa+scifact,,,0.710935
b,fiqa+scifact,,,0.0
b,fiqa+scifact,,,0.177239
b,fiqa+scifact,,,0.613147
b,fiqa+scifact,,,0.0
b,fiqa+scifact,,,0.097788
b,fiqa+scifact,,,0.5
b,fiqa+scifact,,,0.366502
b,fiqa+scifact,,,0.0
b,fiqa+scifact,,,0.0
b,fiqa+scifact,,,0.0
b,fiqa+scifact,,,0.613147
b,fiqa+scifact,,,0.321238
b,fiqa+scifact,,,0.0
b,fiqa+scifact,,,0.306574
b,fiqa+scifact,,,0.0
b,fiqa+scifact,,,0.0
b,fiqa+scifact,,,0.69897
b,fiqa+scifact,,,0.613147
b,fiqa+scifact,,,0.0
b,fiqa+scifact,,,0.297596
b,fiqa+scifact,,,0.0
b,fiqa+scifact,,,0.0
b,fiqa+scifact,,,0.815424
b,fiqa+scifact,,,0.0
b,fiqa+scifact,,,0.386853
b,fiqa+scifact,,,0.5
b,fiqa+scifact,,,0.831555
b,fiqa+scifact,,,0.63093
b,fiqa+scifact,,,0.354739
b,fiqa+scifact,,,0.664551
b,fiqa+scifact,,,0.0
b,fiqa+scifact,,,0.156426
b,fiqa+scifact,,,0.0
b,fiqa+scifact,,,0.5
b,fiqa+scifact,,,0.30103
b,fiqa+scifact,,,1.0
b,fiqa+scifact,,,0.0
b,fiqa+scifact,,,0.36907
b,fiqa+scifact,,,0.166667
b,fiqa+scifact,,,0.0
b,fiqa+scifact,,,0.356207
b,fiqa+scifact,,,0.558508
b,fiqa+scifact,,,0.0
b,fiqa+scifact,,,0.0
b,fiqa+scifact,,,0.0
b,fiqa+scifact,,,0.613147
b,fiqa+scifact,,,0.226294
b,fiqa+scifact,,,0.296082
b,fiqa+scifact,,,0.63093
b,fiqa+scifact,,,0.5
b,fiqa+scifact,,,0.0
b,fiqa+scifact,,,0.458545
b,fiqa+scifact,,,0.0
b,fiqa+scifact,,,0.36907
b,fiqa+scifact,,,0.0
b,fiqa+scifact,,,0.485229
b,fiqa+scifact,,,0.63093
b,fiqa+scifact,,,0.0
b,fiqa+scifact,,,0.264068
b,fiqa+scifact,,,0.0
b,fiqa+scifact,,,0.0
b,fiqa+scifact,,,0.148041
b,fiqa+scifact,,,0.059958
b,fiqa+scifact,,,0.0
b,fiqa+scifact,,,0.0
b,fiqa+scifact,,,0.302118
b,fiqa+scifact,,,0.252119
b,fiqa+scifact,,,0.0
b,fiqa+scifact,,,0.0
b,fiqa+scifact,,,0.0
b,fiqa+scifact,,,0.0
b,fiqa+scifact,,,0.296082
b,fiqa+scifact,,,0.141267
b,fiqa+scifact,,,0.0
b,fiqa+scifact,,,0.366259
b,fiqa+scifact,,,0.310463
b,fiqa+scifact,,,0.226294
b,fiqa+scifact,,,0.0
b,fiqa+scifact,,,0.430677
b,fiqa+scifact,,,0.0
b,fiqa+scifact,,,0.078398
b,fiqa+scifact,,,0.762802
b,fiqa+scifact,,,0.306574
b,fiqa+scifact,,,0.391066
b,fiqa+scifact,,,0.5
b,fiqa+scifact,,,0.181542
b,fiqa+scifact,,,0.386853
b,fiqa+scifact,,,0.0
b,fiqa+scifact,,,0.117063
b,fiqa+scifact,,,0.144579
b,fiqa+scifact,,,0.053098
b,fiqa+scifact,,,0.264068
b,fiqa+scifact,,,0.0
b,fiqa+scifact,,,0.148041
b,fiqa+scifact,,,0.0
b,fiqa+scifact,,,0.0
b,fiqa+scifact,,,0.430677
b,fiqa+scifact,,,0.0
b,fiqa+scifact,,,0.0
b,fiqa+scifact,,,0.26355
b,fiqa+scifact,,,0.744795
b,fiqa+scifact,,,0.430677
b,fiqa+scifact,,,0.19519
b,fiqa+scifact,,,0.490363
b,fiqa+scifact,,,0.710935
b,fiqa+scifact,,,0.306574
b,fiqa+scifact,,,0.0
b,fiqa+scifact,,,0.0
b,fiqa+scifact,,,0.168128
b,fiqa+scifact,,,0.0
b,fiqa+scifact,,,0.0
b,fiqa+scifact,,,0.386853
b,fiqa+scifact,,,0.362537
b,fiqa+scifact,,,0.613147
b,fiqa+scifact,,,0.469279
b,fiqa+scifact,,,0.469279
b,fiqa+scifact,,,0.262108
b,fiqa+scifact,,,0.63093
b,fiqa+scifact,,,0.234639
b,fiqa+scifact,,,1.0
b,fiqa+scifact,,,0.0
b,fiqa+scifact,,,0.156426
b,fiqa+scifact,,,0.264068
b,fiqa+scifact,,,0.328012
b,fiqa+scifact,,,0.289065
b,fiqa+scifact,,,0.246302
b,fiqa+scifact,,,0.386853
b,fiqa+scifact,,,0.112845
b,fiqa+scifact,,,0.0
b,fiqa+scifact,,,0.186948
b,fiqa+scifact,,,0.386853
b,fiqa+scifact,,,0.0
b,fiqa+scifact,,,0.549364
b,fiqa+scifact,,,0.253759
b,fiqa+scifact,,,0.197046
b,fiqa+scifact,,,0.0
b,fiqa+scifact,,,0.36907
b,fiqa+scifact,,,0.0
b,fiqa+scifact,,,1.0
b,fiqa+scifact,,,0.584227
b,fiqa+scifact,,,0.0
b,fiqa+scifact,,,0.0
b,fiqa+scifact,,,0.0
b,fiqa+scifact,,,0.220512
b,fiqa+scifact,,,0.306574
b,fiqa+scifact,,,0.0
b,fiqa+scifact,,,0.613147
b,fiqa+scifact,,,0.36907
b,fiqa+scifact,,,0.430677
b,fiqa+scifact,,,0.532868
b,fiqa+scifact,,,0.15646
b,fiqa+scifact,,,0.0
b,fiqa+scifact,,,0.63093
b,fiqa+scifact,,,0.0
b,fiqa+scifact,,,0.613147
b,fiqa+scifact,,,0.0
b,fiqa+scifact,,,0.0
b,fiqa+scifact,,,0.436747
b,fiqa+scifact,,,0.0
b,fiqa+scifact,,,0.202107
b,fiqa+scifact,,,0.16958
b,fiqa+scifact,,,0.264068
b,fiqa+scifact,,,0.0
b,fiqa+scifact,,,0.177239
b,fiqa+scifact,,,0.306574
b,fiqa+scifact,,,0.0
b,fiqa+scifact,,,0.0
b,fiqa+scifact,,,0.613147
b,fiqa+scifact,,,0.797723
b,fiqa+scifact,,,0.613147
b,fiqa+scifact,,,0.30103
b,fiqa+scifact,,,0.0
b,fiqa+scifact,,,0.0
b,fiqa+scifact,,,1.0
b,fiqa+scifact,,,0.441492
b,fiqa+scifact,,,0.569323
b,fiqa+scifact,,,0.0
b,fiqa+scifact,,,0.63093
b,fiqa+scifact,,,0.264068
b,fiqa+scifact,,,0.333333
b,fiqa+scifact,,,0.386853
b,fiqa+scifact,,,1.0
b,fiqa+scifact,,,0.517524
b,fiqa+scifact,,,0.11454
b,fiqa+scifact,,,0.0
b,fiqa+scifact,,,0.469279
b,fiqa+scifact,,,0.349079
b,fiqa+scifact,,,0.5
b,fiqa+scifact,,,0.69897
b,fiqa+scifact,,,0.693426
b,fiqa+scifact,,,0.0
b,fiqa+scifact,,,0.0
b,fiqa+scifact,,,0.148041
b,fiqa+scifact,,,0.315465
b,fiqa+scifact,,,0.296082
b,fiqa+scifact,,,0.0
b,fiqa+scifact,,,0.613147
b,fiqa+scifact,,,0.0
b,fiqa+scifact,,,1.0
b,fiqa+scifact,,,0.246302
b,fiqa+scifact,,,0.0
b,fiqa+scifact,,,0.0
b,fiqa+scifact,,,0.543771
b,fiqa+scifact,,,0.806574
b,fiqa+scifact,,,0.430677
b,fiqa+scifact,,,0.130127
b,fiqa+scifact,,,0.386853
b,fiqa+scifact,,,0.5
b,fiqa+scifact,,,0.0
b,fiqa+scifact,,,0.0
b,fiqa+scifact,,,0.200253
b,fiqa+scifact,,,0.0
b,fiqa+scifact,,,0.0
b,fiqa+scifact,,,1.0
b,fiqa+scifact,,,0.436747
b,fiqa+scifact,,,0.441307
b,fiqa+scifact,,,0.0
b,fiqa+scifact,,,0.36907
b,fiqa+scifact,,,0.0
b,fiqa+scifact,,,1.0
b,fiqa+scifact,,,0.0
b,fiqa+scifact,,,0.200253
b,fiqa+scifact,,,0.244077
b,fiqa+scifact,,,0.0
b,fiqa+scifact,,,0.5
b,fiqa+scifact,,,0.0
b,fiqa+scifact,,,0.36907
b,fiqa+scifact,,,0.0
b,fiqa+scifact,,,0.0
b,fiqa+scifact,,,0.01879
b,fiqa+scifact,,,0.0
b,fiqa+scifact,,,0.0
b,fiqa+scifact,,,0.0
b,fiqa+scifact,,,0.0
b,fiqa+scifact,,,0.0
b,fiqa+scifact,,,0.0
b,fiqa+scifact,,,0.0
b,fiqa+scifact,,,0.0
b,fiqa+scifact,,,0.289065
b,fiqa+scifact,,,0.36907
b,fiqa+scifact,,,0.430677
b,fiqa+scifact,,,0.5
b,fiqa+scifact,,,0.36907
b,fiqa+scifact,,,0.63093
b,fiqa+scifact,,,0.36907
b,fiqa+scifact,,,0.043824
b,fiqa+scifact,,,0.043824
b,fiqa+scifact,,,0.0
b,fiqa+scifact,,,0.0
b,fiqa+scifact,,,0.36907
b,fiqa+scifact,,,0.0
b,fiqa+scifact,,,0.0
b,fiqa+scifact,,,0.0
b,fiqa+scifact,,,0.0
b,fiqa+scifact,,,0.333333
b,fiqa+scifact,,,0.0
b,fiqa+scifact,,,0.0
b,fiqa+scifact,,,0.0
b,fiqa+scifact,,,0.0
b,fiqa+scifact,,,0.0
b,fiqa+scifact,,,0.19897
b,fiqa+scifact,,,0.36907
b,fiqa+scifact,,,0.0
b,fiqa+scifact,,,0.613147
b,fiqa+scifact,,,0.36907
b,fiqa+scifact,,,0.0
b,fiqa+scifact,,,0.0
b,fiqa+scifact,,,0.315465
b,fiqa+scifact,,,0.0
b,fiqa+scifact,,,0.249021
b,fiqa+scifact,,,1.0
b,fiqa+scifact,,,1.0
b,fiqa+scifact,,,0.5
b,fiqa+scifact,,,0.333333
b,fiqa+scifact,,,0.315465
b,fiqa+scifact,,,0.0
b,fiqa+scifact,,,0.0
b,fiqa+scifact,,,0.0
b,fiqa+scifact,,,0.0
b,fiqa+scifact,,,0.0
b,fiqa+scifact,,,0.0
b,fiqa+scifact,,,0.0
b,fiqa+scifact,,,0.36907
b,fiqa+scifact,,,0.0
b,fiqa+scifact,,,0.36907
b,fiqa+scifact,,,0.0
b,fiqa+scifact,,,0.36907
b,fiqa+scifact,,,0.586161
b,fiqa+scifact,,,0.0
b,fiqa+scifact,,,0.0
b,fiqa+scifact,,,0.0
b,fiqa+scifact,,,0.710935
b,fiqa+scifact,,,0.0
b,fiqa+scifact,,,0.13093
b,fiqa+scifact,,,0.0
b,fiqa+scifact,,,0.0
b,fiqa+scifact,,,0.5
b,fiqa+scifact,,,1.0
b,fiqa+scifact,,,0.30103
b,fiqa+scifact,,,0.0
b,fiqa+scifact,,,0.5
b,fiqa+scifact,,,0.58557
b,fiqa+scifact,,,0.69897
b,fiqa+scifact,,,0.36907
b,fiqa+scifact,,,0.0
b,fiqa+scifact,,,0.5
b,fiqa+scifact,,,0.080279
b,fiqa+scifact,,,0.0
b,fiqa+scifact,,,0.0
b,fiqa+scifact,,,0.0
b,fiqa+scifact,,,0.36907
b,fiqa+scifact,,,0.0
b,fiqa+scifact,,,0.0
b,fiqa+scifact,,,0.397322
b,fiqa+scifact,,,0.0
b,fiqa+scifact,,,0.36907
b,fiqa+scifact,,,0.5
b,fiqa+scifact,,,1.0
b,fiqa+scifact,,,0.5
b,fiqa+scifact,,,0.356207
b,fiqa+scifact,,,0.030646
b,fiqa+scifact,,,0.0
b,fiqa+scifact,,,0.0
b,fiqa+scifact,,,0.0
b,fiqa+scifact,,,0.0
b,fiqa+scifact,,,0.0
b,fiqa+scifact,,,0.5
b,fiqa+scifact,,,0.0
b,fiqa+scifact,,,0.0
b,fiqa+scifact,,,0.0
b,fiqa+scifact,,,1.0
b,fiqa+scifact,,,0.356207
b,fiqa+scifact,,,0.5
b,fiqa+scifact,,,0.5
b,fiqa+scifact,,,0.306574
b,fiqa+scifact,,,0.36907
b,fiqa+scifact,,,0.36907
b,fiqa+scifact,,,0.0
b,fiqa+scifact,,,0.369268
b,fiqa+scifact,,,0.0
b,fiqa+scifact,,,1.0
b,fiqa+scifact,,,0.5
b,fiqa+scifact,,,0.0
b,fiqa+scifact,,,0.5
b,fiqa+scifact,,,0.200253
b,fiqa+scifact,,,0.0
b,fiqa+scifact,,,0.356207
b,fiqa+scifact,,,0.5
b,fiqa+scifact,,,0.63093
b,fiqa+scifact,,,0.0
b,fiqa+scifact,,,0.36907
b,fiqa+scifact,,,0.333444
b,fiqa+scifact,,,0.0
b,fiqa+scifact,,,0.0
b,fiqa+scifact,,,0.286767
b,fiqa+scifact,,,0.0
b,fiqa+scifact,,,0.0
b,fiqa+scifact,,,0.0
b,fiqa+scifact,,,0.069376
b,fiqa+scifact,,,0.0
b,fiqa+scifact,,,0.13093
b,fiqa+scifact,,,0.0
b,fiqa+scifact,,,0.0
b,fiqa+scifact,,,0.0
b,fiqa+scifact,,,0.356207
b,fiqa+scifact,,,0.0
b,fiqa+scifact,,,0.0
b,fiqa+scifact,,,0.0
b,fiqa+scifact,,,0.0
b,fiqa+scifact,,,0.0
b,fiqa+scifact,,,0.36907
b,fiqa+scifact,,,0.36907
b,fiqa+scifact,,,0.0
b,fiqa+scifact,,,0.177239
b,fiqa+scifact,,,0.289065
b,fiqa+scifact,,,0.36907
b,fiqa+scifact,,,1.0
b,fiqa+scifact,,,0.0
b,fiqa+scifact,,,0.0
b,fiqa+scifact,,,0.36907
b,fiqa+scifact,,,0.0
b,fiqa+scifact,,,0.0
b,fiqa+scifact,,,0.0
b,fiqa+scifact,,,0.0
b,fiqa+scifact,,,0.0
b,fiqa+scifact,,,0.0
b,fiqa+scifact,,,0.36907
b,fiqa+scifact,,,0.666667
b,fiqa+scifact,,,0.0
b,fiqa+scifact,,,0.63093
b,fiqa+scifact,,,0.0
b,fiqa+scifact,,,0.0
b,fiqa+scifact,,,0.63093
b,fiqa+scifact,,,0.0
b,fiqa+scifact,,,0.0
b,fiqa+scifact,,,0.0
b,fiqa+scifact,,,0.0
b,fiqa+scifact,,,0.430677
b,fiqa+scifact,,,0.0
b,fiqa+scifact,,,0.0
b,fiqa+scifact,,,0.569323
b,fiqa+scifact,,,0.102191
b,fiqa+scifact,,,0.386853
b,fiqa+scifact,,,0.0
b,fiqa+scifact,,,0.13093
b,fiqa+scifact,,,0.0
b,fiqa+scifact,,,0.386853
b,fiqa+scifact,,,0.0
b,fiqa+scifact,,,0.0
b,fiqa+scifact,,,0.569323
b,fiqa+scifact,,,0.0
b,fiqa+scifact,,,0.5
b,fiqa+scifact,,,0.315465
b,fiqa+scifact,,,0.0
b,fiqa+scifact,,,0.430677
b,fiqa+scifact,,,0.0
b,fiqa+scifact,,,0.0
b,fiqa+scifact,,,0.128921
b,fiqa+scifact,,,0.044269
b,fiqa+scifact,,,0.0
b,fiqa+scifact,,,0.613147
b,fiqa+scifact,,,0.0
b,fiqa+scifact,,,0.274723
b,fiqa+scifact,,,0.569323
b,fiqa+scifact,,,0.569323
b,fiqa+scifact,,,0.218407
b,fiqa+scifact,,,1.0
b,fiqa+scifact,,,0.36907
b,fiqa+scifact,,,0.569323
b,fiqa+scifact,,,1.0
b,fiqa+scifact,,,0.666667
b,fiqa+scifact,,,0.0
b,fiqa+scifact,,,0.0
b,fiqa+scifact,,,0.569323
b,fiqa+scifact,,,0.0
b,fiqa+scifact,,,0.0
b,fiqa+scifact,,,1.0
b,fiqa+scifact,,,0.0
b,fiqa+scifact,,,0.13093
b,fiqa+scifact,,,0.333333
b,fiqa+scifact,,,0.0
b,fiqa+scifact,,,0.5
b,fiqa+scifact,,,0.569323
b,fiqa+scifact,,,0.0
b,fiqa+scifact,,,0.0
b,fiqa+scifact,,,0.200253
b,fiqa+scifact,,,0.18247
b,fiqa+scifact,,,0.36907
b,fiqa+scifact,,,0.69897
b,fiqa+scifact,,,1.0
b,fiqa+scifact,,,0.13093
b,fiqa+scifact,,,0.36907
b,fiqa+scifact,,,0.3299
b,fiqa+scifact,,,0.0
b,fiqa+scifact,,,0.5
b,fiqa+scifact,,,0.0
b,fiqa+scifact,,,0.0
b,fiqa+scifact,,,0.0
b,fiqa+scifact,,,0.386853
b,fiqa+scifact,,,0.36907
b,fiqa+scifact,,,1.0
b,fiqa+scifact,,,0.0
b,fiqa+scifact,,,0.63093
b,fiqa+scifact,,,0.0
b,fiqa+scifact,,,0.0
b,fiqa+scifact,,,0.0
b,fiqa+scifact,,,0.0
b,fiqa+scifact,,,0.0
b,fiqa+scifact,,,0.0
b,fiqa+scifact,,,0.0
b,fiqa+scifact,,,0.333333
b,fiqa+scifact,,,0.0
b,fiqa+scifact,,,0.0
b,fiqa+scifact,,,0.0
b,fiqa+scifact,,,0.36907
b,fiqa+scifact,,,0.5
b,fiqa+scifact,,,0.569323
b,fiqa+scifact,,,0.0
b,fiqa+scifact,,,0.0
b,fiqa+scifact,,,0.200253
b,fiqa+scifact,,,0.0
b,fiqa+scifact,,,0.177338
b,fiqa+scifact,,,0.0
b,fiqa+scifact,,,0.36907
b,fiqa+scifact,,,0.0
b,fiqa+scifact,,,0.430677
b,fiqa+scifact,,,0.0
b,fiqa+scifact,,,0.0
b,fiqa+scifact,,,0.0
b,fiqa+scifact,,,0.0
b,fiqa+scifact,,,0.315465
b,fiqa+scifact,,,0.430677
b,fiqa+scifact,,,0.0
b,fiqa+scifact,,,0.0
b,fiqa+scifact,,,0.0
b,fiqa+scifact,,,0.5
b,fiqa+scifact,,,0.5
b,fiqa+scifact,,,0.5
b,fiqa+scifact,,,0.0
b,fiqa+scifact,,,0.122785
b,fiqa+scifact,,,0.095283
b,fiqa+scifact,,,0.0
b,fiqa+scifact,,,0.0
b,fiqa+scifact,,,0.0
b,fiqa+scifact,,,0.36907
b,fiqa+scifact,,,0.36907
