table,cell,printed,regenerated,tolerance,source,status
inline,documents over 6 collections,272117.0,272117.0,0.0,recomputed,PASS
inline,queries over 6 collections,3727.0,3727.0,0.0,recomputed,PASS
Table 2,"bm25 nDCG@10 macro-average, budget 0",0.38,0.379799,0.0006,recomputed,PASS
Table 2,"bm25 nDCG@10 macro-average, budget 50",0.429,0.429393,0.0006,recomputed,PASS
Table 2,"bm25 nDCG@10 macro-average, budget 100",0.435,0.434986,0.0006,recomputed,PASS
Table 2,"dense nDCG@10 macro-average, budget 0",0.398,0.397715,0.0006,recomputed,PASS
Table 2,"dense nDCG@10 macro-average, budget 50",0.431,0.431449,0.0006,recomputed,PASS
Table 2,"dense nDCG@10 macro-average, budget 100",0.438,0.437678,0.0006,recomputed,PASS
Table 2,"rrf nDCG@10 macro-average, budget 0",0.449,0.449462,0.0006,recomputed,PASS
Table 2,"rrf nDCG@10 macro-average, budget 50",0.445,0.445225,0.0006,recomputed,PASS
Table 2,"rrf nDCG@10 macro-average, budget 100",0.441,0.440626,0.0006,recomputed,PASS
Table 2,"alpha_fixed nDCG@10 macro-average, budget 0",0.43,0.430348,0.0006,recomputed,PASS
Table 2,"alpha_fixed nDCG@10 macro-average, budget 50",0.44,0.44042,0.0006,recomputed,PASS
Table 2,"alpha_fixed nDCG@10 macro-average, budget 100",0.44,0.43958,0.0006,recomputed,PASS
Table 2,"alpha_learned nDCG@10 macro-average, budget 0",0.449,0.448741,0.0006,recomputed,PASS
Table 2,"alpha_learned nDCG@10 macro-average, budget 50",0.444,0.444192,0.0006,recomputed,PASS
Table 2,"alpha_learned nDCG@10 macro-average, budget 100",0.441,0.44054,0.0006,recomputed,PASS
Table 2,"alpha_learned_override nDCG@10 macro-average, budget 0",0.439,0.438655,0.0006,recomputed,PASS
Table 2,"alpha_learned_override nDCG@10 macro-average, budget 50",0.441,0.44052,0.0006,recomputed,PASS
Table 2,"alpha_learned_override nDCG@10 macro-average, budget 100",0.439,0.439375,0.0006,recomputed,PASS
Table 2,"alpha_oracle nDCG@10 macro-average, budget 0",0.524,0.523858,0.0006,recomputed,PASS
Table 2,"alpha_oracle nDCG@10 macro-average, budget 50",0.45,0.450302,0.0006,recomputed,PASS
Table 2,"alpha_oracle nDCG@10 macro-average, budget 100",0.445,0.44537,0.0006,recomputed,PASS
Table 2,"oracle5_post nDCG@10 macro-average, budget 0",0.512,0.511471,0.0006,recomputed,PASS
Table 2,"oracle5_post nDCG@10 macro-average, budget 50",0.475,0.475242,0.0006,recomputed,PASS
Table 2,"oracle5_post nDCG@10 macro-average, budget 100",0.466,0.466026,0.0006,recomputed,PASS
Table 2,"bm25 query-weighted delta vs dense, budget 0",-0.0601,-0.0601,6e-05,recomputed,PASS
Table 2,"bm25 bootstrap CI low, budget 0",-0.0684,-0.0684,0.0006,recomputed,PASS
Table 2,"bm25 bootstrap CI high, budget 0",-0.0523,-0.0523,0.0006,recomputed,PASS
Table 2,"bm25 query-weighted delta vs dense, budget 100",-0.008,-0.008,6e-05,recomputed,PASS
Table 2,"bm25 bootstrap CI low, budget 100",-0.0112,-0.0112,0.0006,recomputed,PASS
Table 2,"bm25 bootstrap CI high, budget 100",-0.0048,-0.0048,0.0006,recomputed,PASS
Table 2,"rrf query-weighted delta vs dense, budget 0",0.0065,0.0065,6e-05,recomputed,PASS
Table 2,"rrf bootstrap CI low, budget 0",0.0007,0.0005,0.0006,recomputed,PASS
Table 2,"rrf bootstrap CI high, budget 0",0.0123,0.0122,0.0006,recomputed,PASS
Table 2,"rrf query-weighted delta vs dense, budget 100",-0.004,-0.004,6e-05,recomputed,PASS
Table 2,"rrf bootstrap CI low, budget 100",-0.006,-0.006,0.0006,recomputed,PASS
Table 2,"rrf bootstrap CI high, budget 100",-0.0019,-0.0019,0.0006,recomputed,PASS
Table 2,"alpha_fixed query-weighted delta vs dense, budget 0",0.0177,0.0177,6e-05,recomputed,PASS
Table 2,"alpha_fixed bootstrap CI low, budget 0",0.0148,0.0147,0.0006,recomputed,PASS
Table 2,"alpha_fixed bootstrap CI high, budget 0",0.0207,0.0207,0.0006,recomputed,PASS
Table 2,"alpha_fixed query-weighted delta vs dense, budget 100",-0.0011,-0.0011,6e-05,recomputed,PASS
Table 2,"alpha_fixed bootstrap CI low, budget 100",-0.0024,-0.0024,0.0006,recomputed,PASS
Table 2,"alpha_fixed bootstrap CI high, budget 100",0.0004,0.0004,0.0006,recomputed,PASS
Table 2,"alpha_learned query-weighted delta vs dense, budget 0",0.0014,0.0014,6e-05,recomputed,PASS
Table 2,"alpha_learned bootstrap CI low, budget 0",-0.005,-0.005,0.0006,recomputed,PASS
Table 2,"alpha_learned bootstrap CI high, budget 0",0.0078,0.0077,0.0006,recomputed,PASS
Table 2,"alpha_learned query-weighted delta vs dense, budget 100",-0.0049,-0.0049,6e-05,recomputed,PASS
Table 2,"alpha_learned bootstrap CI low, budget 100",-0.007,-0.007,0.0006,recomputed,PASS
Table 2,"alpha_learned bootstrap CI high, budget 100",-0.0026,-0.0027,0.0006,recomputed,PASS
Table 2,"alpha_learned_override query-weighted delta vs dense, budget 0",0.0061,0.0061,6e-05,recomputed,PASS
Table 2,"alpha_learned_override bootstrap CI low, budget 0",0.0008,0.0008,0.0006,recomputed,PASS
Table 2,"alpha_learned_override bootstrap CI high, budget 0",0.0115,0.0113,0.0006,recomputed,PASS
Table 2,"alpha_learned_override query-weighted delta vs dense, budget 100",-0.0039,-0.0039,6e-05,recomputed,PASS
Table 2,"alpha_learned_override bootstrap CI low, budget 100",-0.006,-0.0059,0.0006,recomputed,PASS
Table 2,"alpha_learned_override bootstrap CI high, budget 100",-0.0019,-0.0019,0.0006,recomputed,PASS
Table 2,"alpha_oracle query-weighted delta vs dense, budget 0",0.0809,0.0809,6e-05,recomputed,PASS
Table 2,"alpha_oracle bootstrap CI low, budget 0",0.0761,0.0762,0.0006,recomputed,PASS
Table 2,"alpha_oracle bootstrap CI high, budget 0",0.0859,0.0859,0.0006,recomputed,PASS
Table 2,"alpha_oracle query-weighted delta vs dense, budget 100",-0.0008,-0.0008,6e-05,recomputed,PASS
Table 2,"alpha_oracle bootstrap CI low, budget 100",-0.003,-0.003,0.0006,recomputed,PASS
Table 2,"alpha_oracle bootstrap CI high, budget 100",0.0014,0.0014,0.0006,recomputed,PASS
Table 2,"oracle5_post query-weighted delta vs dense, budget 0",0.0722,0.0722,6e-05,recomputed,PASS
Table 2,"oracle5_post bootstrap CI low, budget 0",0.0675,0.0676,0.0006,recomputed,PASS
Table 2,"oracle5_post bootstrap CI high, budget 0",0.0769,0.077,0.0006,recomputed,PASS
Table 2,"oracle5_post query-weighted delta vs dense, budget 100",0.0129,0.0129,6e-05,recomputed,PASS
Table 2,"oracle5_post bootstrap CI low, budget 100",0.011,0.0109,0.0006,recomputed,PASS
Table 2,"oracle5_post bootstrap CI high, budget 100",0.015,0.0149,0.0006,recomputed,PASS
Table 10,arguana |D|,8674.0,8674.0,0.0,recomputed,PASS
Table 10,arguana |Q|,1406.0,1406.0,0.0,recomputed,PASS
Table 10,arguana bm25 budget 0,0.306,0.306361,0.0006,recomputed,PASS
Table 10,arguana bm25 budget 100 (CE top-100),0.321,0.320719,0.0006,recomputed,PASS
Table 10,arguana dense budget 0,0.37,0.370313,0.0006,recomputed,PASS
Table 10,arguana dense budget 100 (CE top-100),0.319,0.318872,0.0006,recomputed,PASS
Table 10,arguana rrf budget 0,0.368,0.368423,0.0006,recomputed,PASS
Table 10,arguana rrf budget 100 (CE top-100),0.316,0.31646,0.0006,recomputed,PASS
Table 10,arguana alpha_fixed budget 0,0.381,0.380651,0.0006,recomputed,PASS
Table 10,arguana alpha_fixed budget 100 (CE top-100),0.318,0.318235,0.0006,recomputed,PASS
Table 10,arguana alpha_learned budget 0,0.359,0.359451,0.0006,recomputed,PASS
Table 10,arguana alpha_learned budget 100 (CE top-100),0.316,0.315822,0.0006,recomputed,PASS
Table 10,arguana alpha_learned_override budget 0,0.374,0.373645,0.0006,recomputed,PASS
Table 10,arguana alpha_learned_override budget 100 (CE top-100),0.319,0.318614,0.0006,recomputed,PASS
Table 10,arguana alpha_oracle budget 0,0.44,0.439778,0.0006,recomputed,PASS
Table 10,arguana alpha_oracle budget 100 (CE top-100),0.319,0.319129,0.0006,recomputed,PASS
Table 10,fiqa |D|,57638.0,57638.0,0.0,recomputed,PASS
Table 10,fiqa |Q|,648.0,648.0,0.0,recomputed,PASS
Table 10,fiqa bm25 budget 0,0.238,0.238493,0.0006,recomputed,PASS
Table 10,fiqa bm25 budget 100 (CE top-100),0.348,0.34838,0.0006,recomputed,PASS
Table 10,fiqa dense budget 0,0.368,0.368122,0.0006,recomputed,PASS
Table 10,fiqa dense budget 100 (CE top-100),0.378,0.378435,0.0006,recomputed,PASS
Table 10,fiqa rrf budget 0,0.374,0.374452,0.0006,recomputed,PASS
Table 10,fiqa rrf budget 100 (CE top-100),0.37,0.370148,0.0006,recomputed,PASS
Table 10,fiqa alpha_fixed budget 0,0.405,0.404743,0.0006,recomputed,PASS
Table 10,fiqa alpha_fixed budget 100 (CE top-100),0.376,0.376487,0.0006,recomputed,PASS
Table 10,fiqa alpha_learned budget 0,0.366,0.366444,0.0006,recomputed,PASS
Table 10,fiqa alpha_learned budget 100 (CE top-100),0.367,0.366994,0.0006,recomputed,PASS
Table 10,fiqa alpha_learned_override budget 0,0.367,0.367109,0.0006,recomputed,PASS
Table 10,fiqa alpha_learned_override budget 100 (CE top-100),0.367,0.367045,0.0006,recomputed,PASS
Table 10,fiqa alpha_oracle budget 0,0.48,0.47975,0.0006,recomputed,PASS
Table 10,fiqa alpha_oracle budget 100 (CE top-100),0.374,0.37372,0.0006,recomputed,PASS
Table 10,nfcorpus |D|,3633.0,3633.0,0.0,recomputed,PASS
Table 10,nfcorpus |Q|,323.0,323.0,0.0,recomputed,PASS
Table 10,nfcorpus bm25 budget 0,0.318,0.318436,0.0006,recomputed,PASS
Table 10,nfcorpus bm25 budget 100 (CE top-100),0.35,0.349918,0.0006,recomputed,PASS
Table 10,nfcorpus dense budget 0,0.316,0.315879,0.0006,recomputed,PASS
Table 10,nfcorpus dense budget 100 (CE top-100),0.343,0.342521,0.0006,recomputed,PASS
Table 10,nfcorpus rrf budget 0,0.342,0.342256,0.0006,recomputed,PASS
Table 10,nfcorpus rrf budget 100 (CE top-100),0.356,0.355793,0.0006,recomputed,PASS
Table 10,nfcorpus alpha_fixed budget 0,0.337,0.337235,0.0006,recomputed,PASS
Table 10,nfcorpus alpha_fixed budget 100 (CE top-100),0.349,0.349424,0.0006,recomputed,PASS
Table 10,nfcorpus alpha_learned budget 0,0.358,0.35788,0.0006,recomputed,PASS
Table 10,nfcorpus alpha_learned budget 100 (CE top-100),0.353,0.353032,0.0006,recomputed,PASS
Table 10,nfcorpus alpha_learned_override budget 0,0.358,0.35788,0.0006,recomputed,PASS
Table 10,nfcorpus alpha_learned_override budget 100 (CE top-100),0.353,0.353032,0.0006,recomputed,PASS
Table 10,nfcorpus alpha_oracle budget 0,0.404,0.403788,0.0006,recomputed,PASS
Table 10,nfcorpus alpha_oracle budget 100 (CE top-100),0.357,0.356934,0.0006,recomputed,PASS
Table 10,scidocs |D|,25657.0,25657.0,0.0,recomputed,PASS
Table 10,scidocs |Q|,1000.0,1000.0,0.0,recomputed,PASS
Table 10,scidocs bm25 budget 0,0.151,0.150523,0.0006,recomputed,PASS
Table 10,scidocs bm25 budget 100 (CE top-100),0.164,0.163705,0.0006,recomputed,PASS
Table 10,scidocs dense budget 0,0.216,0.216439,0.0006,recomputed,PASS
Table 10,scidocs dense budget 100 (CE top-100),0.18,0.18017,0.0006,recomputed,PASS
Table 10,scidocs rrf budget 0,0.199,0.198526,0.0006,recomputed,PASS
Table 10,scidocs rrf budget 100 (CE top-100),0.169,0.168949,0.0006,recomputed,PASS
Table 10,scidocs alpha_fixed budget 0,0.218,0.218362,0.0006,recomputed,PASS
Table 10,scidocs alpha_fixed budget 100 (CE top-100),0.175,0.175486,0.0006,recomputed,PASS
Table 10,scidocs alpha_learned budget 0,0.189,0.189075,0.0006,recomputed,PASS
Table 10,scidocs alpha_learned budget 100 (CE top-100),0.169,0.168633,0.0006,recomputed,PASS
Table 10,scidocs alpha_learned_override budget 0,0.19,0.189722,0.0006,recomputed,PASS
Table 10,scidocs alpha_learned_override budget 100 (CE top-100),0.169,0.168535,0.0006,recomputed,PASS
Table 10,scidocs alpha_oracle budget 0,0.264,0.263783,0.0006,recomputed,PASS
Table 10,scidocs alpha_oracle budget 100 (CE top-100),0.173,0.17263,0.0006,recomputed,PASS
Table 10,scifact |D|,5183.0,5183.0,0.0,recomputed,PASS
Table 10,scifact |Q|,300.0,300.0,0.0,recomputed,PASS
Table 10,scifact bm25 budget 0,0.676,0.676188,0.0006,recomputed,PASS
Table 10,scifact bm25 budget 100 (CE top-100),0.693,0.693297,0.0006,recomputed,PASS
Table 10,scifact dense budget 0,0.646,0.646312,0.0006,recomputed,PASS
Table 10,scifact dense budget 100 (CE top-100),0.693,0.692858,0.0006,recomputed,PASS
Table 10,scifact rrf budget 0,0.715,0.7148,0.0006,recomputed,PASS
Table 10,scifact rrf budget 100 (CE top-100),0.691,0.690833,0.0006,recomputed,PASS
Table 10,scifact alpha_fixed budget 0,0.697,0.69729,0.0006,recomputed,PASS
Table 10,scifact alpha_fixed budget 100 (CE top-100),0.693,0.692775,0.0006,recomputed,PASS
Table 10,scifact alpha_learned budget 0,0.727,0.727493,0.0006,recomputed,PASS
Table 10,scifact alpha_learned budget 100 (CE top-100),0.693,0.693342,0.0006,recomputed,PASS
Table 10,scifact alpha_learned_override budget 0,0.727,0.727493,0.0006,recomputed,PASS
Table 10,scifact alpha_learned_override budget 100 (CE top-100),0.693,0.693342,0.0006,recomputed,PASS
Table 10,scifact alpha_oracle budget 0,0.782,0.781741,0.0006,recomputed,PASS
Table 10,scifact alpha_oracle budget 100 (CE top-100),0.694,0.694056,0.0006,recomputed,PASS
Table 10,trec-covid |D|,171332.0,171332.0,0.0,recomputed,PASS
Table 10,trec-covid |Q|,50.0,50.0,0.0,recomputed,PASS
Table 10,trec-covid bm25 budget 0,0.589,0.588792,0.0006,recomputed,PASS
Table 10,trec-covid bm25 budget 100 (CE top-100),0.734,0.733895,0.0006,recomputed,PASS
Table 10,trec-covid dense budget 0,0.469,0.469225,0.0006,recomputed,PASS
Table 10,trec-covid dense budget 100 (CE top-100),0.713,0.713208,0.0006,recomputed,PASS
Table 10,trec-covid rrf budget 0,0.698,0.698315,0.0006,recomputed,PASS
Table 10,trec-covid rrf budget 100 (CE top-100),0.742,0.741574,0.0006,recomputed,PASS
Table 10,trec-covid alpha_fixed budget 0,0.544,0.543804,0.0006,recomputed,PASS
Table 10,trec-covid alpha_fixed budget 100 (CE top-100),0.725,0.72507,0.0006,recomputed,PASS
Table 10,trec-covid alpha_learned budget 0,0.692,0.692105,0.0006,recomputed,PASS
Table 10,trec-covid alpha_learned budget 100 (CE top-100),0.745,0.745419,0.0006,recomputed,PASS
Table 10,trec-covid alpha_learned_override budget 0,0.616,0.616081,0.0006,recomputed,PASS
Table 10,trec-covid alpha_learned_override budget 100 (CE top-100),0.736,0.735684,0.0006,recomputed,PASS
Table 10,trec-covid alpha_oracle budget 0,0.774,0.774306,0.0006,recomputed,PASS
Table 10,trec-covid alpha_oracle budget 100 (CE top-100),0.756,0.755754,0.0006,recomputed,PASS
Figure 3,alpha grid points,21.0,21.0,0.0,recomputed,PASS
Figure 3,queries on the tuning split,948.0,948.0,0.0,recomputed,PASS
Figure 3,share of queries with per-query range below 0.01,0.363,0.362869,0.001,recomputed,PASS
Figure 3,share with range exactly 0,0.363,0.362869,0.001,recomputed,PASS
Section 4.2,share of queries where the grid moves nDCG@10 by more than 0.01,0.637,0.637131,0.001,recomputed,PASS
Remark 1,epsilon * P(F_epsilon),0.0036,0.003629,5e-05,recomputed,PASS
Remark 1,share of the oracle advantage earned off the flat set,0.955,0.955146,0.005,recomputed,PASS
Figure 3,fiqa argmax alpha,0.7,0.7,1e-09,recomputed,PASS
Figure 3,fiqa queries,648.0,648.0,0.0,recomputed,PASS
Figure 3,scifact argmax alpha,0.4,0.4,1e-09,recomputed,PASS
Figure 3,scifact queries,300.0,300.0,0.0,recomputed,PASS
Table 8,BM25 (alpha=0) nDCG@10,0.377,0.377,5e-05,released aggregate,PASS
Table 8,BM25 (alpha=0) delta vs dense,-0.0792,-0.0792,5e-05,released aggregate,PASS
Table 8,BM25 (alpha=0) CI low,-0.1007,-0.1007,5e-05,released aggregate,PASS
Table 8,BM25 (alpha=0) CI high,-0.0576,-0.0576,5e-05,released aggregate,PASS
Table 8,Dense (alpha=1) nDCG@10,0.4562,0.4562,5e-05,released aggregate,PASS
Table 8,Dense (alpha=1) delta vs dense,0.0,0.0,5e-05,released aggregate,PASS
Table 8,Dense (alpha=1) CI low,0.0,0.0,5e-05,released aggregate,PASS
Table 8,Dense (alpha=1) CI high,0.0,0.0,5e-05,released aggregate,PASS
Table 8,RRF (k=60) nDCG@10,0.4822,0.4822,5e-05,released aggregate,PASS
Table 8,RRF (k=60) delta vs dense,0.026,0.026,5e-05,released aggregate,PASS
Table 8,RRF (k=60) CI low,0.0105,0.0105,5e-05,released aggregate,PASS
Table 8,RRF (k=60) CI high,0.0418,0.0418,5e-05,released aggregate,PASS
Table 8,Fixed alpha*=0.65 nDCG@10,0.5089,0.5089,5e-05,released aggregate,PASS
Table 8,Fixed alpha*=0.65 delta vs dense,0.0527,0.0527,5e-05,released aggregate,PASS
Table 8,Fixed alpha*=0.65 CI low,0.0405,0.0405,5e-05,released aggregate,PASS
Table 8,Fixed alpha*=0.65 CI high,0.0651,0.0651,5e-05,released aggregate,PASS
Table 8,"Learned: RandomForest(50,d5) nDCG@10",0.4711,0.4711,5e-05,released aggregate,PASS
Table 8,"Learned: RandomForest(50,d5) delta vs dense",0.0149,0.0149,5e-05,released aggregate,PASS
Table 8,"Learned: RandomForest(50,d5) CI low",-0.0022,-0.0022,5e-05,released aggregate,PASS
Table 8,"Learned: RandomForest(50,d5) CI high",0.0324,0.0324,5e-05,released aggregate,PASS
Table 8,"Learned: RandomForest(500,d16) nDCG@10",0.4731,0.4731,5e-05,released aggregate,PASS
Table 8,"Learned: RandomForest(500,d16) delta vs dense",0.017,0.017,5e-05,released aggregate,PASS
Table 8,"Learned: RandomForest(500,d16) CI low",0.0001,0.0001,5e-05,released aggregate,PASS
Table 8,"Learned: RandomForest(500,d16) CI high",0.0343,0.0343,5e-05,released aggregate,PASS
Table 8,Learned: GradientBoosting(500) nDCG@10,0.4675,0.4675,5e-05,released aggregate,PASS
Table 8,Learned: GradientBoosting(500) delta vs dense,0.0114,0.0114,5e-05,released aggregate,PASS
Table 8,Learned: GradientBoosting(500) CI low,-0.0059,-0.0059,5e-05,released aggregate,PASS
Table 8,Learned: GradientBoosting(500) CI high,0.029,0.029,5e-05,released aggregate,PASS
Table 8,Oracle alpha (ceiling) nDCG@10,0.5753,0.5753,5e-05,released aggregate,PASS
Table 8,Oracle alpha (ceiling) delta vs dense,0.1192,0.1192,5e-05,released aggregate,PASS
Table 8,Oracle alpha (ceiling) CI low,0.1061,0.1061,5e-05,released aggregate,PASS
Table 8,Oracle alpha (ceiling) CI high,0.1327,0.1327,5e-05,released aggregate,PASS
Table 8,BM25 (alpha=0) recomputed from curves,0.377,0.377004,0.0005,recomputed,PASS
Table 8,Dense (alpha=1) recomputed from curves,0.4562,0.456157,0.0005,recomputed,PASS
Table 8,Fixed alpha*=0.65 recomputed from curves,0.5089,0.508898,0.0005,recomputed,PASS
Table 8,Oracle alpha recomputed from curves,0.5753,0.575317,0.0005,recomputed,PASS
Table 8,RRF (k=60) recomputed from curves,0.4822,0.482157,0.0005,recomputed,PASS
Table 9,"RandomForest(50,d5) CV R2",0.096,0.0956,0.0006,released aggregate,PASS
Table 9,"RandomForest(50,d5) Spearman rho",0.319,0.3186,0.0006,released aggregate,PASS
Table 9,"RandomForest(50,d5) MAE",0.268,0.2677,0.0006,released aggregate,PASS
Table 9,"RandomForest(50,d5) MAE of constant predictor",0.3,0.3001,0.0006,released aggregate,PASS
Table 9,"RandomForest(500,d16) CV R2",0.076,0.076,0.0006,released aggregate,PASS
Table 9,"RandomForest(500,d16) Spearman rho",0.315,0.3151,0.0006,released aggregate,PASS
Table 9,"RandomForest(500,d16) MAE",0.267,0.2673,0.0006,released aggregate,PASS
Table 9,"RandomForest(500,d16) MAE of constant predictor",0.3,0.3001,0.0006,released aggregate,PASS
Table 9,GradientBoosting(500) CV R2,-0.078,-0.0778,0.0006,released aggregate,PASS
Table 9,GradientBoosting(500) Spearman rho,0.271,0.2708,0.0006,released aggregate,PASS
Table 9,GradientBoosting(500) MAE,0.279,0.279,0.0006,released aggregate,PASS
Table 9,GradientBoosting(500) MAE of constant predictor,0.3,0.3001,0.0006,released aggregate,PASS
Table 9,mutual information query_len,0.017,0.0165,0.0006,released aggregate,PASS
Table 9,mutual information dense_std,0.039,0.0392,0.0006,released aggregate,PASS
Table 9,mutual information bm25_std,0.054,0.0537,0.0006,released aggregate,PASS
Table 9,mutual information dense_cv,0.009,0.0091,0.0006,released aggregate,PASS
Table 9,mutual information bm25_cv,0.013,0.0129,0.0006,released aggregate,PASS
Table 9,mutual information has_identifier,0.006,0.0062,0.0006,released aggregate,PASS
Section 4.2,highest single-feature mutual information,0.054,0.0537,0.0006,released aggregate,PASS
Table 3,candidate-survival ASR A0_static_templates x D0_none,0.0,0.0,0.005,recomputed,PASS
Table 3,candidate-survival ASR A0_static_templates x D1_3feat_tiny,0.0,0.0,0.005,recomputed,PASS
Table 3,candidate-survival ASR A0_static_templates x D1b_3feat_trained,0.0,0.0,0.005,recomputed,PASS
Table 3,candidate-survival ASR A0_static_templates x D2_embed_probe,0.0,0.0,0.005,recomputed,PASS
Table 3,candidate-survival ASR A0_static_templates x D3_distilbert,0.0,0.0,0.005,recomputed,PASS
Table 3,candidate-survival ASR A0_static_templates x D4_guard_zeroshot,0.0,0.0,0.005,recomputed,PASS
Table 3,candidate-survival ASR A0_static_templates x D5_perplexity,0.0,0.0,0.005,recomputed,PASS
Table 3,candidate-survival ASR A1_query_conditioned x D0_none,0.99,0.9933,0.005,recomputed,PASS
Table 3,candidate-survival ASR A1_query_conditioned x D1_3feat_tiny,0.0,0.0,0.005,recomputed,PASS
Table 3,candidate-survival ASR A1_query_conditioned x D1b_3feat_trained,0.02,0.02,0.005,recomputed,PASS
Table 3,candidate-survival ASR A1_query_conditioned x D2_embed_probe,0.92,0.9167,0.005,recomputed,PASS
Table 3,candidate-survival ASR A1_query_conditioned x D3_distilbert,0.03,0.03,0.005,recomputed,PASS
Table 3,candidate-survival ASR A1_query_conditioned x D4_guard_zeroshot,0.0,0.0,0.005,recomputed,PASS
Table 3,candidate-survival ASR A1_query_conditioned x D5_perplexity,0.0,0.0,0.005,recomputed,PASS
Table 3,candidate-survival ASR A2_imperative_free x D0_none,1.0,1.0,0.005,recomputed,PASS
Table 3,candidate-survival ASR A2_imperative_free x D1_3feat_tiny,0.99,0.9933,0.005,recomputed,PASS
Table 3,candidate-survival ASR A2_imperative_free x D1b_3feat_trained,1.0,1.0,0.005,recomputed,PASS
Table 3,candidate-survival ASR A2_imperative_free x D2_embed_probe,0.74,0.74,0.005,recomputed,PASS
Table 3,candidate-survival ASR A2_imperative_free x D3_distilbert,0.02,0.0233,0.005,recomputed,PASS
Table 3,candidate-survival ASR A2_imperative_free x D4_guard_zeroshot,0.0,0.0,0.005,recomputed,PASS
Table 3,candidate-survival ASR A2_imperative_free x D5_perplexity,0.22,0.22,0.005,recomputed,PASS
Table 3,candidate-survival ASR A3_semantic_camouflage x D0_none,1.0,1.0,0.005,recomputed,PASS
Table 3,candidate-survival ASR A3_semantic_camouflage x D1_3feat_tiny,1.0,1.0,0.005,recomputed,PASS
Table 3,candidate-survival ASR A3_semantic_camouflage x D1b_3feat_trained,1.0,1.0,0.005,recomputed,PASS
Table 3,candidate-survival ASR A3_semantic_camouflage x D2_embed_probe,0.98,0.9833,0.005,recomputed,PASS
Table 3,candidate-survival ASR A3_semantic_camouflage x D3_distilbert,0.99,0.9867,0.005,recomputed,PASS
Table 3,candidate-survival ASR A3_semantic_camouflage x D4_guard_zeroshot,0.99,0.99,0.005,recomputed,PASS
Table 3,candidate-survival ASR A3_semantic_camouflage x D5_perplexity,1.0,0.9967,0.005,recomputed,PASS
Table 3,candidate-survival ASR A4_length_matched x D0_none,1.0,1.0,0.005,recomputed,PASS
Table 3,candidate-survival ASR A4_length_matched x D1_3feat_tiny,1.0,1.0,0.005,recomputed,PASS
Table 3,candidate-survival ASR A4_length_matched x D1b_3feat_trained,1.0,1.0,0.005,recomputed,PASS
Table 3,candidate-survival ASR A4_length_matched x D2_embed_probe,0.98,0.98,0.005,recomputed,PASS
Table 3,candidate-survival ASR A4_length_matched x D3_distilbert,0.68,0.6767,0.005,recomputed,PASS
Table 3,candidate-survival ASR A4_length_matched x D4_guard_zeroshot,0.0,0.0,0.005,recomputed,PASS
Table 3,candidate-survival ASR A4_length_matched x D5_perplexity,0.66,0.66,0.005,recomputed,PASS
Table 3,candidate-survival ASR A5_score_guided x D0_none,1.0,1.0,0.005,recomputed,PASS
Table 3,candidate-survival ASR A5_score_guided x D1_3feat_tiny,1.0,1.0,0.005,recomputed,PASS
Table 3,candidate-survival ASR A5_score_guided x D1b_3feat_trained,1.0,1.0,0.005,recomputed,PASS
Table 3,candidate-survival ASR A5_score_guided x D2_embed_probe,0.98,0.9833,0.005,recomputed,PASS
Table 3,candidate-survival ASR A5_score_guided x D3_distilbert,0.68,0.6833,0.005,recomputed,PASS
Table 3,candidate-survival ASR A5_score_guided x D4_guard_zeroshot,0.05,0.05,0.005,recomputed,PASS
Table 3,candidate-survival ASR A5_score_guided x D5_perplexity,0.15,0.15,0.005,recomputed,PASS
Table 3,candidate-survival ASR A6_split_payload x D0_none,1.0,1.0,0.005,recomputed,PASS
Table 3,candidate-survival ASR A6_split_payload x D1_3feat_tiny,1.0,1.0,0.005,recomputed,PASS
Table 3,candidate-survival ASR A6_split_payload x D1b_3feat_trained,1.0,1.0,0.005,recomputed,PASS
Table 3,candidate-survival ASR A6_split_payload x D2_embed_probe,0.98,0.9767,0.005,recomputed,PASS
Table 3,candidate-survival ASR A6_split_payload x D3_distilbert,0.93,0.9267,0.005,recomputed,PASS
Table 3,candidate-survival ASR A6_split_payload x D4_guard_zeroshot,0.01,0.01,0.005,recomputed,PASS
Table 3,candidate-survival ASR A6_split_payload x D5_perplexity,0.9,0.9,0.005,recomputed,PASS
Table 3,"mean ASR over A1-A6, D0_none",1.0,0.998883,0.005,recomputed,PASS
Table 3,"maximum ASR over A1-A6, D0_none",1.0,1.0,0.005,recomputed,PASS
Table 3,"lowest cell over A1-A6, D0_none",0.99,0.9933,0.005,recomputed,PASS
Table 3,"mean ASR over A1-A6, D1_3feat_tiny",0.83,0.832217,0.005,recomputed,PASS
Table 3,"maximum ASR over A1-A6, D1_3feat_tiny",1.0,1.0,0.005,recomputed,PASS
Table 3,"lowest cell over A1-A6, D1_3feat_tiny",0.0,0.0,0.005,recomputed,PASS
Table 3,"mean ASR over A1-A6, D1b_3feat_trained",0.84,0.836667,0.005,recomputed,PASS
Table 3,"maximum ASR over A1-A6, D1b_3feat_trained",1.0,1.0,0.005,recomputed,PASS
Table 3,"lowest cell over A1-A6, D1b_3feat_trained",0.02,0.02,0.005,recomputed,PASS
Table 3,"mean ASR over A1-A6, D2_embed_probe",0.93,0.93,0.005,recomputed,PASS
Table 3,"maximum ASR over A1-A6, D2_embed_probe",0.98,0.9833,0.005,recomputed,PASS
Table 3,"lowest cell over A1-A6, D2_embed_probe",0.74,0.74,0.005,recomputed,PASS
Table 3,"mean ASR over A1-A6, D3_distilbert",0.55,0.55445,0.005,recomputed,PASS
Table 3,"maximum ASR over A1-A6, D3_distilbert",0.99,0.9867,0.005,recomputed,PASS
Table 3,"lowest cell over A1-A6, D3_distilbert",0.02,0.0233,0.005,recomputed,PASS
Table 3,"mean ASR over A1-A6, D4_guard_zeroshot",0.18,0.175,0.005,recomputed,PASS
Table 3,"maximum ASR over A1-A6, D4_guard_zeroshot",0.99,0.99,0.005,recomputed,PASS
Table 3,"lowest cell over A1-A6, D4_guard_zeroshot",0.0,0.0,0.005,recomputed,PASS
Table 3,"mean ASR over A1-A6, D5_perplexity",0.49,0.487783,0.005,recomputed,PASS
Table 3,"maximum ASR over A1-A6, D5_perplexity",1.0,0.9967,0.005,recomputed,PASS
Table 3,"lowest cell over A1-A6, D5_perplexity",0.0,0.0,0.005,recomputed,PASS
Table 12,D6 mean ASR over A1-A6 (uncalibrated control),1.0,0.998883,0.005,recomputed,PASS
Table 12,D6 maximum ASR over A1-A6 (uncalibrated control),1.0,1.0,0.005,recomputed,PASS
Table 3,"realised FPR at the 1% target, D1_3feat_tiny",0.004,0.004,0.0005,released aggregate,PASS
Table 3,"realised FPR at the 1% target, D1b_3feat_trained",0.008,0.008,0.0005,released aggregate,PASS
Table 3,"realised FPR at the 1% target, D2_embed_probe",0.011,0.0113,0.0005,released aggregate,PASS
Table 3,"realised FPR at the 1% target, D3_distilbert",0.015,0.0147,0.0005,released aggregate,PASS
Table 3,"realised FPR at the 1% target, D4_guard_zeroshot",0.009,0.0093,0.0005,released aggregate,PASS
Table 3,"realised FPR at the 1% target, D5_perplexity",0.017,0.0167,0.0005,released aggregate,PASS
Table 3,"realised FPR at the 1% target, D6_ensemble",0.049,0.0487,0.0005,released aggregate,PASS
Table 3,"clean nDCG@10 cost at the 1% target, D1_3feat_tiny",0.0016,0.0016,5e-05,recomputed,PASS
Table 3,"clean nDCG@10 cost at the 1% target, D1b_3feat_trained",0.0065,0.0065,5e-05,recomputed,PASS
Table 3,"clean nDCG@10 cost at the 1% target, D2_embed_probe",0.01,0.01,5e-05,recomputed,PASS
Table 3,"clean nDCG@10 cost at the 1% target, D3_distilbert",0.0054,0.0054,5e-05,recomputed,PASS
Table 3,"clean nDCG@10 cost at the 1% target, D4_guard_zeroshot",-0.0002,-0.0002,5e-05,recomputed,PASS
Table 3,"clean nDCG@10 cost at the 1% target, D5_perplexity",0.003,0.003,5e-05,recomputed,PASS
Table 3,"clean nDCG@10 cost at the 1% target, D6_ensemble",0.0,0.0,5e-05,recomputed,PASS
Table 3,"episodes per cell, A1-A4 and A6",300.0,300.0,0.0,recomputed,PASS
Table 3,"episodes per cell, A5",60.0,60.0,0.0,recomputed,PASS
Table 3,A5 x D0 pooled over the seven detector-specific document sets,420.0,420.0,0.0,recomputed,PASS
Table 12,D1_3feat_tiny @ target 0.001: realised FPR,0.0,0.0,0.001,released aggregate,PASS
Table 12,D1_3feat_tiny @ target 0.001: clean nDCG@10 cost,0.0,0.0,5e-05,recomputed,PASS
Table 12,D1_3feat_tiny @ target 0.001: maximum ASR over A1-A6,1.0,1.0,0.005,recomputed,PASS
Table 12,D1_3feat_tiny @ target 0.01: realised FPR,0.004,0.004,0.001,released aggregate,PASS
Table 12,D1_3feat_tiny @ target 0.01: clean nDCG@10 cost,0.0016,0.0016,5e-05,recomputed,PASS
Table 12,D1_3feat_tiny @ target 0.01: maximum ASR over A1-A6,1.0,1.0,0.005,recomputed,PASS
Table 12,D1_3feat_tiny @ target 0.05: realised FPR,0.055,0.0547,0.001,released aggregate,PASS
Table 12,D1_3feat_tiny @ target 0.05: clean nDCG@10 cost,0.0267,0.0267,5e-05,recomputed,PASS
Table 12,D1_3feat_tiny @ target 0.05: maximum ASR over A1-A6,1.0,1.0,0.005,recomputed,PASS
Table 12,D1b_3feat_trained @ target 0.001: realised FPR,0.0,0.0,0.001,released aggregate,PASS
Table 12,D1b_3feat_trained @ target 0.001: clean nDCG@10 cost,0.0,0.0,5e-05,recomputed,PASS
Table 12,D1b_3feat_trained @ target 0.001: maximum ASR over A1-A6,1.0,1.0,0.005,recomputed,PASS
Table 12,D1b_3feat_trained @ target 0.01: realised FPR,0.008,0.008,0.001,released aggregate,PASS
Table 12,D1b_3feat_trained @ target 0.01: clean nDCG@10 cost,0.0065,0.0065,5e-05,recomputed,PASS
Table 12,D1b_3feat_trained @ target 0.01: maximum ASR over A1-A6,1.0,1.0,0.005,recomputed,PASS
Table 12,D1b_3feat_trained @ target 0.05: realised FPR,0.053,0.0533,0.001,released aggregate,PASS
Table 12,D1b_3feat_trained @ target 0.05: clean nDCG@10 cost,0.0415,0.0415,5e-05,recomputed,PASS
Table 12,D1b_3feat_trained @ target 0.05: maximum ASR over A1-A6,1.0,1.0,0.005,recomputed,PASS
Table 12,D2_embed_probe @ target 0.001: realised FPR,0.004,0.004,0.001,released aggregate,PASS
Table 12,D2_embed_probe @ target 0.001: clean nDCG@10 cost,0.0067,0.0067,5e-05,recomputed,PASS
Table 12,D2_embed_probe @ target 0.001: maximum ASR over A1-A6,1.0,1.0,0.005,recomputed,PASS
Table 12,D2_embed_probe @ target 0.01: realised FPR,0.011,0.0113,0.001,released aggregate,PASS
Table 12,D2_embed_probe @ target 0.01: clean nDCG@10 cost,0.01,0.01,5e-05,recomputed,PASS
Table 12,D2_embed_probe @ target 0.01: maximum ASR over A1-A6,0.98,0.9833,0.005,recomputed,PASS
Table 12,D2_embed_probe @ target 0.05: realised FPR,0.059,0.0587,0.001,released aggregate,PASS
Table 12,D2_embed_probe @ target 0.05: clean nDCG@10 cost,0.0366,0.0366,5e-05,recomputed,PASS
Table 12,D2_embed_probe @ target 0.05: maximum ASR over A1-A6,0.95,0.95,0.005,recomputed,PASS
Table 12,D3_distilbert @ target 0.001: realised FPR,0.003,0.0027,0.001,released aggregate,PASS
Table 12,D3_distilbert @ target 0.001: clean nDCG@10 cost,0.0,0.0,5e-05,recomputed,PASS
Table 12,D3_distilbert @ target 0.001: maximum ASR over A1-A6,1.0,0.9967,0.005,recomputed,PASS
Table 12,D3_distilbert @ target 0.01: realised FPR,0.015,0.0147,0.001,released aggregate,PASS
Table 12,D3_distilbert @ target 0.01: clean nDCG@10 cost,0.0054,0.0054,5e-05,recomputed,PASS
Table 12,D3_distilbert @ target 0.01: maximum ASR over A1-A6,0.99,0.9867,0.005,recomputed,PASS
Table 12,D3_distilbert @ target 0.05: realised FPR,0.058,0.058,0.001,released aggregate,PASS
Table 12,D3_distilbert @ target 0.05: clean nDCG@10 cost,0.0129,0.0129,5e-05,recomputed,PASS
Table 12,D3_distilbert @ target 0.05: maximum ASR over A1-A6,0.96,0.96,0.005,recomputed,PASS
Table 12,D4_guard_zeroshot @ target 0.001: realised FPR,0.001,0.0007,0.001,released aggregate,PASS
Table 12,D4_guard_zeroshot @ target 0.001: clean nDCG@10 cost,0.0,0.0,5e-05,recomputed,PASS
Table 12,D4_guard_zeroshot @ target 0.001: maximum ASR over A1-A6,0.99,0.99,0.005,recomputed,PASS
Table 12,D4_guard_zeroshot @ target 0.01: realised FPR,0.009,0.0093,0.001,released aggregate,PASS
Table 12,D4_guard_zeroshot @ target 0.01: clean nDCG@10 cost,-0.0002,-0.0002,5e-05,recomputed,PASS
Table 12,D4_guard_zeroshot @ target 0.01: maximum ASR over A1-A6,0.99,0.99,0.005,recomputed,PASS
Table 12,D4_guard_zeroshot @ target 0.05: realised FPR,0.046,0.046,0.001,released aggregate,PASS
Table 12,D4_guard_zeroshot @ target 0.05: clean nDCG@10 cost,0.017,0.017,5e-05,recomputed,PASS
Table 12,D4_guard_zeroshot @ target 0.05: maximum ASR over A1-A6,0.96,0.9633,0.005,recomputed,PASS
Table 12,D5_perplexity @ target 0.001: realised FPR,0.006,0.006,0.001,released aggregate,PASS
Table 12,D5_perplexity @ target 0.001: clean nDCG@10 cost,0.0005,0.0005,5e-05,recomputed,PASS
Table 12,D5_perplexity @ target 0.001: maximum ASR over A1-A6,1.0,1.0,0.005,recomputed,PASS
Table 12,D5_perplexity @ target 0.01: realised FPR,0.017,0.0167,0.001,released aggregate,PASS
Table 12,D5_perplexity @ target 0.01: clean nDCG@10 cost,0.003,0.003,5e-05,recomputed,PASS
Table 12,D5_perplexity @ target 0.01: maximum ASR over A1-A6,1.0,0.9967,0.005,recomputed,PASS
Table 12,D5_perplexity @ target 0.05: realised FPR,0.057,0.0567,0.001,released aggregate,PASS
Table 12,D5_perplexity @ target 0.05: clean nDCG@10 cost,0.0435,0.0435,5e-05,recomputed,PASS
Table 12,D5_perplexity @ target 0.05: maximum ASR over A1-A6,0.95,0.95,0.005,recomputed,PASS
Table 12,D6_ensemble @ target 0.001: realised FPR,0.049,0.0487,0.001,released aggregate,PASS
Table 12,D6_ensemble @ target 0.001: clean nDCG@10 cost,0.0,0.0,5e-05,recomputed,PASS
Table 12,D6_ensemble @ target 0.001: maximum ASR over A1-A6,1.0,1.0,0.005,recomputed,PASS
Table 12,D6_ensemble @ target 0.01: realised FPR,0.049,0.0487,0.001,released aggregate,PASS
Table 12,D6_ensemble @ target 0.01: clean nDCG@10 cost,0.0,0.0,5e-05,recomputed,PASS
Table 12,D6_ensemble @ target 0.01: maximum ASR over A1-A6,1.0,1.0,0.005,recomputed,PASS
Table 12,D6_ensemble @ target 0.05: realised FPR,0.056,0.056,0.001,released aggregate,PASS
Table 12,D6_ensemble @ target 0.05: clean nDCG@10 cost,0.0033,0.0033,5e-05,recomputed,PASS
Table 12,D6_ensemble @ target 0.05: maximum ASR over A1-A6,0.99,0.9933,0.005,recomputed,PASS
Table 11,ROC-AUC A0_static_templates x D1_3feat_tiny,0.999,0.999,0.0005,released aggregate,PASS
Table 11,ROC-AUC A0_static_templates x D1b_3feat_trained,0.991,0.991,0.0005,released aggregate,PASS
Table 11,ROC-AUC A0_static_templates x D2_embed_probe,1.0,1.0,0.0005,released aggregate,PASS
Table 11,ROC-AUC A0_static_templates x D3_distilbert,1.0,1.0,0.0005,released aggregate,PASS
Table 11,ROC-AUC A0_static_templates x D4_guard_zeroshot,0.998,0.998,0.0005,released aggregate,PASS
Table 11,ROC-AUC A0_static_templates x D5_perplexity,0.964,0.964,0.0005,released aggregate,PASS
Table 11,ROC-AUC A0_static_templates x D6_ensemble,0.971,0.971,0.0005,released aggregate,PASS
Table 11,ROC-AUC A1_query_conditioned x D1_3feat_tiny,1.0,1.0,0.0005,released aggregate,PASS
Table 11,ROC-AUC A1_query_conditioned x D1b_3feat_trained,0.999,0.999,0.0005,released aggregate,PASS
Table 11,ROC-AUC A1_query_conditioned x D2_embed_probe,0.696,0.696,0.0005,released aggregate,PASS
Table 11,ROC-AUC A1_query_conditioned x D3_distilbert,0.997,0.997,0.0005,released aggregate,PASS
Table 11,ROC-AUC A1_query_conditioned x D4_guard_zeroshot,1.0,1.0,0.0005,released aggregate,PASS
Table 11,ROC-AUC A1_query_conditioned x D5_perplexity,0.457,0.457,0.0005,released aggregate,PASS
Table 11,ROC-AUC A1_query_conditioned x D6_ensemble,0.975,0.975,0.0005,released aggregate,PASS
Table 11,ROC-AUC A2_imperative_free x D1_3feat_tiny,0.977,0.977,0.0005,released aggregate,PASS
Table 11,ROC-AUC A2_imperative_free x D1b_3feat_trained,0.921,0.921,0.0005,released aggregate,PASS
Table 11,ROC-AUC A2_imperative_free x D2_embed_probe,0.861,0.861,0.0005,released aggregate,PASS
Table 11,ROC-AUC A2_imperative_free x D3_distilbert,0.998,0.998,0.0005,released aggregate,PASS
Table 11,ROC-AUC A2_imperative_free x D4_guard_zeroshot,1.0,1.0,0.0005,released aggregate,PASS
Table 11,ROC-AUC A2_imperative_free x D5_perplexity,0.977,0.977,0.0005,released aggregate,PASS
Table 11,ROC-AUC A2_imperative_free x D6_ensemble,0.949,0.949,0.0005,released aggregate,PASS
Table 11,ROC-AUC A3_semantic_camouflage x D1_3feat_tiny,0.029,0.029,0.0005,released aggregate,PASS
Table 11,ROC-AUC A3_semantic_camouflage x D1b_3feat_trained,0.107,0.107,0.0005,released aggregate,PASS
Table 11,ROC-AUC A3_semantic_camouflage x D2_embed_probe,0.463,0.463,0.0005,released aggregate,PASS
Table 11,ROC-AUC A3_semantic_camouflage x D3_distilbert,0.457,0.457,0.0005,released aggregate,PASS
Table 11,ROC-AUC A3_semantic_camouflage x D4_guard_zeroshot,0.509,0.509,0.0005,released aggregate,PASS
Table 11,ROC-AUC A3_semantic_camouflage x D5_perplexity,0.524,0.524,0.0005,released aggregate,PASS
Table 11,ROC-AUC A3_semantic_camouflage x D6_ensemble,0.491,0.491,0.0005,released aggregate,PASS
Table 11,ROC-AUC A4_length_matched x D1_3feat_tiny,0.32,0.32,0.0005,released aggregate,PASS
Table 11,ROC-AUC A4_length_matched x D1b_3feat_trained,0.341,0.341,0.0005,released aggregate,PASS
Table 11,ROC-AUC A4_length_matched x D2_embed_probe,0.492,0.492,0.0005,released aggregate,PASS
Table 11,ROC-AUC A4_length_matched x D3_distilbert,0.915,0.915,0.0005,released aggregate,PASS
Table 11,ROC-AUC A4_length_matched x D4_guard_zeroshot,1.0,1.0,0.0005,released aggregate,PASS
Table 11,ROC-AUC A4_length_matched x D5_perplexity,0.977,0.977,0.0005,released aggregate,PASS
Table 11,ROC-AUC A4_length_matched x D6_ensemble,0.875,0.875,0.0005,released aggregate,PASS
Table 11,ROC-AUC A6_split_payload x D1_3feat_tiny,0.331,0.331,0.0005,released aggregate,PASS
Table 11,ROC-AUC A6_split_payload x D1b_3feat_trained,0.352,0.352,0.0005,released aggregate,PASS
Table 11,ROC-AUC A6_split_payload x D2_embed_probe,0.481,0.481,0.0005,released aggregate,PASS
Table 11,ROC-AUC A6_split_payload x D3_distilbert,0.518,0.518,0.0005,released aggregate,PASS
Table 11,ROC-AUC A6_split_payload x D4_guard_zeroshot,0.765,0.765,0.0005,released aggregate,PASS
Table 11,ROC-AUC A6_split_payload x D5_perplexity,0.879,0.879,0.0005,released aggregate,PASS
Table 11,ROC-AUC A6_split_payload x D6_ensemble,0.521,0.521,0.0005,released aggregate,PASS
Table 13,D1_3feat_tiny evasion rate,1.0,1.0,0.006,recomputed,PASS
Table 13,D1_3feat_tiny median detector calls,33.0,33.0,0.5,recomputed,PASS
Table 13,D1_3feat_tiny mean detector calls,37.8,37.8,0.05,recomputed,PASS
Table 13,D1_3feat_tiny target queries,60.0,60.0,0.0,recomputed,PASS
Table 13,D1b_3feat_trained evasion rate,1.0,1.0,0.006,recomputed,PASS
Table 13,D1b_3feat_trained median detector calls,17.0,17.0,0.5,recomputed,PASS
Table 13,D1b_3feat_trained mean detector calls,22.3,22.3333,0.05,recomputed,PASS
Table 13,D1b_3feat_trained target queries,60.0,60.0,0.0,recomputed,PASS
Table 13,D2_embed_probe evasion rate,0.98,0.9833,0.006,recomputed,PASS
Table 13,D2_embed_probe median detector calls,9.0,9.0,0.5,recomputed,PASS
Table 13,D2_embed_probe mean detector calls,10.2,10.2,0.05,recomputed,PASS
Table 13,D2_embed_probe target queries,60.0,60.0,0.0,recomputed,PASS
Table 13,D3_distilbert evasion rate,0.68,0.6833,0.006,recomputed,PASS
Table 13,D3_distilbert median detector calls,33.0,33.0,0.5,recomputed,PASS
Table 13,D3_distilbert mean detector calls,33.8,33.8,0.05,recomputed,PASS
Table 13,D3_distilbert target queries,60.0,60.0,0.0,recomputed,PASS
Table 13,D4_guard_zeroshot evasion rate,0.05,0.05,0.006,recomputed,PASS
Table 13,D4_guard_zeroshot median detector calls,17.0,17.0,0.5,recomputed,PASS
Table 13,D4_guard_zeroshot mean detector calls,23.8,23.8,0.05,recomputed,PASS
Table 13,D4_guard_zeroshot target queries,60.0,60.0,0.0,recomputed,PASS
Table 13,D5_perplexity evasion rate,0.85,0.85,0.006,recomputed,PASS
Table 13,D5_perplexity median detector calls,9.0,9.0,0.5,recomputed,PASS
Table 13,D5_perplexity mean detector calls,13.7,13.6667,0.05,recomputed,PASS
Table 13,D5_perplexity target queries,60.0,60.0,0.0,recomputed,PASS
Table 13,D6_ensemble evasion rate,1.0,1.0,0.006,recomputed,PASS
Table 13,D6_ensemble median detector calls,9.0,9.0,0.5,recomputed,PASS
Table 13,D6_ensemble mean detector calls,9.1,9.1333,0.05,recomputed,PASS
Table 13,D6_ensemble target queries,60.0,60.0,0.0,recomputed,PASS
Table 4,"A1_query_conditioned compliance, 1.5B, position 0",0.0,0.0,0.0006,released aggregate,PASS
Table 4,"A1_query_conditioned compliance, 3B, position 0",0.0,0.0,0.0006,released aggregate,PASS
Table 4,A1_query_conditioned candidate survival P(E|D0),0.99,0.9933,0.006,recomputed,PASS
Table 4,"A2_imperative_free compliance, 1.5B, position 0",0.0,0.0,0.0006,released aggregate,PASS
Table 4,"A2_imperative_free compliance, 3B, position 0",0.068,0.0675,0.0006,released aggregate,PASS
Table 4,A2_imperative_free candidate survival P(E|D0),1.0,1.0,0.006,recomputed,PASS
Table 4,"A3_semantic_camouflage compliance, 1.5B, position 0",0.0,0.0,0.0006,released aggregate,PASS
Table 4,"A3_semantic_camouflage compliance, 3B, position 0",0.01,0.01,0.0006,released aggregate,PASS
Table 4,A3_semantic_camouflage candidate survival P(E|D0),1.0,1.0,0.006,recomputed,PASS
Table 4,"A4_length_matched compliance, 1.5B, position 0",0.0,0.0,0.0006,released aggregate,PASS
Table 4,"A4_length_matched compliance, 3B, position 0",0.013,0.0125,0.0006,released aggregate,PASS
Table 4,A4_length_matched candidate survival P(E|D0),1.0,1.0,0.006,recomputed,PASS
Table 4,"A5_score_guided compliance, 1.5B, position 0",0.0,0.0,0.0006,released aggregate,PASS
Table 4,"A5_score_guided compliance, 3B, position 0",0.013,0.0125,0.0006,released aggregate,PASS
Table 4,A5_score_guided candidate survival P(E|D0),1.0,1.0,0.006,recomputed,PASS
Table 4,"A6_split_payload compliance, 1.5B, position 0",0.0,0.0,0.0006,released aggregate,PASS
Table 4,"A6_split_payload compliance, 3B, position 0",0.0,0.0,0.0006,released aggregate,PASS
Table 4,A6_split_payload candidate survival P(E|D0),1.0,1.0,0.006,recomputed,PASS
Table 4,"mean compliance over A1-A6, 3B, position 0",0.017,0.017083,0.0006,released aggregate,PASS
Table 4,episodes per behavioural cell,400.0,400.0,0.0,released aggregate,PASS
Table 4,"tool selection, poisoned inventory, 1.5B",0.4,0.4,0.005,recomputed,PASS
Table 4,"tool selection, clean inventory, 1.5B",0.0,0.0,0.005,recomputed,PASS
Table 4,"tool selection episodes per cell, 1.5B",100.0,100.0,0.0,recomputed,PASS
Table 4,"tool selection, poisoned inventory, 3B",0.6,0.6,0.005,recomputed,PASS
Table 4,"tool selection, clean inventory, 3B",0.0,0.0,0.005,recomputed,PASS
Table 4,"tool selection episodes per cell, 3B",100.0,100.0,0.0,recomputed,PASS
Section 6,tool selection 1.5B CI low,0.303,0.303295,0.001,recomputed,PASS
Section 6,tool selection 1.5B CI high,0.503,0.502791,0.001,recomputed,PASS
Section 6,tool selection 3B CI low,0.497,0.497209,0.001,recomputed,PASS
Section 6,tool selection 3B CI high,0.697,0.696705,0.001,recomputed,PASS
Section 6,"clean-episode exact match, 1.5B",0.122,0.1225,0.0006,released aggregate,PASS
Section 6,"clean-episode exact match, 3B",0.022,0.0225,0.0006,released aggregate,PASS
Section 6,"clean-episode token-F1, 1.5B",0.411,0.4105,0.0006,released aggregate,PASS
Section 6,"clean-episode token-F1, 3B",0.338,0.3385,0.0006,released aggregate,PASS
Section 6,"compliance at rank 0, over models x prompts x A0-A6",0.022,0.0225,0.0006,released aggregate,PASS
Section 6,"compliance at rank 2, over models x prompts x A0-A6",0.0004,0.000357,6e-05,released aggregate,PASS
Section 6,"compliance at rank 4, over models x prompts x A0-A6",0.0003,0.000268,6e-05,released aggregate,PASS
Section 6,"3B, warning prompt, rank 0",0.071,0.071429,0.0006,released aggregate,PASS
Section 6,"3B, warning prompt, rank 2",0.0011,0.001071,6e-05,released aggregate,PASS
Section 6,"3B, plain prompt, all positions",0.0049,0.004881,6e-05,released aggregate,PASS
Section 6,"3B, warning prompt, all positions",0.0245,0.024524,6e-05,released aggregate,PASS
Figure 6,"QA compliance, 3B, position 0, A1-A6",0.017,0.017083,0.0006,released aggregate,PASS
Figure 6,"QA compliance, 3B, averaged over positions, A1-A6",0.006,0.005694,0.0006,released aggregate,PASS
Figure 6,"tool selection, 3B",0.6,0.6,0.005,recomputed,PASS
Table 5,A1_query_conditioned P(E|D0),0.99,0.9933,0.006,recomputed,PASS
Table 5,"A1_query_conditioned P(C|E,D0)",0.55,0.5503,0.006,recomputed,PASS
Table 5,A1_query_conditioned P(E|D3),0.03,0.03,0.006,recomputed,PASS
Table 5,"A1_query_conditioned P(C|E,D3)",0.667,0.6667,0.006,recomputed,PASS
Table 5,A1_query_conditioned Wilson interval low,0.35,0.3542,0.006,recomputed,PASS
Table 5,A1_query_conditioned Wilson interval high,0.88,0.8794,0.006,recomputed,PASS
Table 5,A1_query_conditioned P(C|D3),0.02,0.02,0.0006,recomputed,PASS
Table 5,A2_imperative_free P(E|D0),1.0,1.0,0.006,recomputed,PASS
Table 5,"A2_imperative_free P(C|E,D0)",0.47,0.47,0.006,recomputed,PASS
Table 5,A2_imperative_free P(E|D3),0.023,0.0233,0.006,recomputed,PASS
Table 5,"A2_imperative_free P(C|E,D3)",0.857,0.8571,0.006,recomputed,PASS
Table 5,A2_imperative_free Wilson interval low,0.49,0.4869,0.006,recomputed,PASS
Table 5,A2_imperative_free Wilson interval high,0.97,0.9743,0.006,recomputed,PASS
Table 5,A2_imperative_free P(C|D3),0.02,0.02,0.0006,recomputed,PASS
Table 5,A3_semantic_camouflage P(E|D0),1.0,1.0,0.006,recomputed,PASS
Table 5,"A3_semantic_camouflage P(C|E,D0)",0.103,0.1033,0.006,recomputed,PASS
Table 5,A3_semantic_camouflage P(E|D3),0.99,0.9867,0.006,recomputed,PASS
Table 5,"A3_semantic_camouflage P(C|E,D3)",0.105,0.1047,0.006,recomputed,PASS
Table 5,A3_semantic_camouflage Wilson interval low,0.07,0.0748,0.006,recomputed,PASS
Table 5,A3_semantic_camouflage Wilson interval high,0.14,0.1448,0.006,recomputed,PASS
Table 5,A3_semantic_camouflage P(C|D3),0.1033,0.1033,0.0006,recomputed,PASS
Table 5,A4_length_matched P(E|D0),1.0,1.0,0.006,recomputed,PASS
Table 5,"A4_length_matched P(C|E,D0)",0.327,0.3267,0.006,recomputed,PASS
Table 5,A4_length_matched P(E|D3),0.68,0.6767,0.006,recomputed,PASS
Table 5,"A4_length_matched P(C|E,D3)",0.325,0.3251,0.006,recomputed,PASS
Table 5,A4_length_matched Wilson interval low,0.26,0.2645,0.006,recomputed,PASS
Table 5,A4_length_matched Wilson interval high,0.39,0.3923,0.006,recomputed,PASS
Table 5,A4_length_matched P(C|D3),0.22,0.22,0.0006,recomputed,PASS
Table 5,A5_score_guided P(E|D3),0.68,0.6833,0.006,recomputed,PASS
Table 5,"A5_score_guided P(C|E,D3)",0.195,0.1951,0.006,recomputed,PASS
Table 5,A5_score_guided Wilson interval low,0.1,0.1023,0.006,recomputed,PASS
Table 5,A5_score_guided Wilson interval high,0.34,0.3401,0.006,recomputed,PASS
Table 5,A5_score_guided P(C|D3),0.1333,0.1333,0.0006,recomputed,PASS
Table 5,A6_split_payload P(E|D0),1.0,1.0,0.006,recomputed,PASS
Table 5,"A6_split_payload P(C|E,D0)",0.0,0.0,0.006,recomputed,PASS
Table 5,A6_split_payload P(E|D3),0.93,0.9267,0.006,recomputed,PASS
Table 5,"A6_split_payload P(C|E,D3)",0.0,0.0,0.006,recomputed,PASS
Table 5,A6_split_payload Wilson interval low,0.0,0.0,0.006,recomputed,PASS
Table 5,A6_split_payload Wilson interval high,0.01,0.0136,0.006,recomputed,PASS
Table 5,A6_split_payload P(C|D3),0.0,0.0,0.0006,recomputed,PASS
Abstract,A2 x D3 surviving documents,7.0,7.0,0.0,recomputed,PASS
Abstract,A2 x D3 compliant survivors,6.0,6.0,0.0,recomputed,PASS
Abstract,A2 undefended compliant episodes,141.0,141.0,0.0,recomputed,PASS
Abstract,"A2 exposure under D3, 7/300",0.0233,0.023333,0.0005,recomputed,PASS
Abstract,"A2 survivor compliance, 6/7",0.857,0.857143,0.0005,recomputed,PASS
Abstract,"A2 undefended compliance, 141/300",0.47,0.47,0.0005,recomputed,PASS
Table 6,"identity P(C|D) = P(C|E,D) P(E|D), maximum absolute error",0.0,8.7e-05,0.0001,recomputed,PASS
Remark 3,maximal cell of the detector with the lowest worst case,295.0,295.0,0.0,recomputed,PASS
Remark 3,"its two-sided Clopper-Pearson interval, low",0.962,0.961536,0.001,recomputed,PASS
Remark 3,"its two-sided Clopper-Pearson interval, high",0.995,0.994567,0.001,recomputed,PASS
Remark 3,"simultaneous one-sided lower bound, K=6 (Proposition 3)",0.956,0.956001,0.001,recomputed,PASS
Table 14,scifact budget 0 nDCG@10,0.76,0.76,0.0005,released aggregate,PASS
Table 14,scifact budget 0 p50 latency,40.0,40.0,0.5,released aggregate,PASS
Table 14,scifact budget 0 p95 latency,44.0,44.0,0.5,released aggregate,PASS
Table 14,scifact budget 0 p99 latency,46.0,46.0,0.5,released aggregate,PASS
Table 14,scifact budget 0 rerank stage,0.0,0.0,0.5,released aggregate,PASS
Table 14,scifact budget 0 filter stage,29.0,29.0,0.5,released aggregate,PASS
Table 14,scifact budget 0 retrieve+fuse stage,11.0,11.0,0.5,released aggregate,PASS
Table 14,scifact budget 10 nDCG@10,0.738,0.738,0.0005,released aggregate,PASS
Table 14,scifact budget 10 p50 latency,79.0,79.0,0.5,released aggregate,PASS
Table 14,scifact budget 10 p95 latency,83.0,83.0,0.5,released aggregate,PASS
Table 14,scifact budget 10 p99 latency,86.0,86.0,0.5,released aggregate,PASS
Table 14,scifact budget 10 rerank stage,35.0,35.0,0.5,released aggregate,PASS
Table 14,scifact budget 10 filter stage,32.0,32.0,0.5,released aggregate,PASS
Table 14,scifact budget 10 retrieve+fuse stage,12.0,12.0,0.5,released aggregate,PASS
Table 14,scifact budget 50 nDCG@10,0.722,0.722,0.0005,released aggregate,PASS
Table 14,scifact budget 50 p50 latency,246.0,246.0,0.5,released aggregate,PASS
Table 14,scifact budget 50 p95 latency,261.0,261.0,0.5,released aggregate,PASS
Table 14,scifact budget 50 p99 latency,264.0,264.0,0.5,released aggregate,PASS
Table 14,scifact budget 50 rerank stage,198.0,198.0,0.5,released aggregate,PASS
Table 14,scifact budget 50 filter stage,37.0,37.0,0.5,released aggregate,PASS
Table 14,scifact budget 50 retrieve+fuse stage,13.0,13.0,0.5,released aggregate,PASS
Table 14,scifact budget 100 nDCG@10,0.72,0.72,0.0005,released aggregate,PASS
Table 14,scifact budget 100 p50 latency,463.0,463.0,0.5,released aggregate,PASS
Table 14,scifact budget 100 p95 latency,487.0,487.0,0.5,released aggregate,PASS
Table 14,scifact budget 100 p99 latency,495.0,495.0,0.5,released aggregate,PASS
Table 14,scifact budget 100 rerank stage,416.0,416.0,0.5,released aggregate,PASS
Table 14,scifact budget 100 filter stage,36.0,36.0,0.5,released aggregate,PASS
Table 14,scifact budget 100 retrieve+fuse stage,13.0,13.0,0.5,released aggregate,PASS
Table 14,fiqa budget 0 nDCG@10,0.433,0.433,0.0005,released aggregate,PASS
Table 14,fiqa budget 0 p50 latency,39.0,39.0,0.5,released aggregate,PASS
Table 14,fiqa budget 0 p95 latency,42.0,42.0,0.5,released aggregate,PASS
Table 14,fiqa budget 0 p99 latency,44.0,44.0,0.5,released aggregate,PASS
Table 14,fiqa budget 0 rerank stage,0.0,0.0,0.5,released aggregate,PASS
Table 14,fiqa budget 0 filter stage,28.0,28.0,0.5,released aggregate,PASS
Table 14,fiqa budget 0 retrieve+fuse stage,11.0,11.0,0.5,released aggregate,PASS
Table 14,fiqa budget 10 nDCG@10,0.417,0.417,0.0005,released aggregate,PASS
Table 14,fiqa budget 10 p50 latency,76.0,76.0,0.5,released aggregate,PASS
Table 14,fiqa budget 10 p95 latency,80.0,80.0,0.5,released aggregate,PASS
Table 14,fiqa budget 10 p99 latency,83.0,83.0,0.5,released aggregate,PASS
Table 14,fiqa budget 10 rerank stage,34.0,34.0,0.5,released aggregate,PASS
Table 14,fiqa budget 10 filter stage,30.0,30.0,0.5,released aggregate,PASS
Table 14,fiqa budget 10 retrieve+fuse stage,12.0,12.0,0.5,released aggregate,PASS
Table 14,fiqa budget 50 nDCG@10,0.39,0.39,0.0005,released aggregate,PASS
Table 14,fiqa budget 50 p50 latency,242.0,242.0,0.5,released aggregate,PASS
Table 14,fiqa budget 50 p95 latency,248.0,248.0,0.5,released aggregate,PASS
Table 14,fiqa budget 50 p99 latency,253.0,253.0,0.5,released aggregate,PASS
Table 14,fiqa budget 50 rerank stage,192.0,192.0,0.5,released aggregate,PASS
Table 14,fiqa budget 50 filter stage,36.0,36.0,0.5,released aggregate,PASS
Table 14,fiqa budget 50 retrieve+fuse stage,13.0,13.0,0.5,released aggregate,PASS
Table 14,fiqa budget 100 nDCG@10,0.386,0.386,0.0005,released aggregate,PASS
Table 14,fiqa budget 100 p50 latency,447.0,447.0,0.5,released aggregate,PASS
Table 14,fiqa budget 100 p95 latency,461.0,461.0,0.5,released aggregate,PASS
Table 14,fiqa budget 100 p99 latency,465.0,465.0,0.5,released aggregate,PASS
Table 14,fiqa budget 100 rerank stage,399.0,399.0,0.5,released aggregate,PASS
Table 14,fiqa budget 100 filter stage,35.0,35.0,0.5,released aggregate,PASS
Table 14,fiqa budget 100 retrieve+fuse stage,13.0,13.0,0.5,released aggregate,PASS
